,Total_reward,Satisfied_customers,Customers_without_deliveries,Total_time,Total_satisfaction,Wharehouse_visits,Trips
0,709.0448144131191,14.0,5.0,722.5833333333326,0.7389162561576355,13.0,108.0
1,906.1588088304882,19.0,1.0,744.3333333333334,0.9534883720930233,18.0,38.0
2,720.8082654811794,15.0,5.0,721.2333333333329,0.7511781338360037,11.0,85.0
3,908.0312439501995,19.0,1.0,753.3333333333335,0.9511737089201878,18.0,38.0
4,908.9687203617575,19.0,1.0,732.3333333333335,0.9517958412098299,18.0,38.0
5,720.2726547910747,15.0,5.0,734.2666666666661,0.750965250965251,12.0,88.0
6,796.7466325560695,16.0,3.0,725.133333333333,0.8452497551420176,12.0,80.0
7,694.6091528147242,14.0,5.0,725.3833333333328,0.7262247838616714,11.0,94.0
8,908.5497202622828,19.0,1.0,738.3333333333334,0.9528392685274302,19.0,39.0
9,902.0502927674816,19.0,1.0,735.3333333333335,0.9503342884431709,18.0,38.0
10,699.0151878445924,14.0,5.0,724.3333333333328,0.7387033398821218,11.0,91.0
11,739.1303820034682,15.0,4.0,745.2666666666661,0.7738209817131858,12.0,88.0
12,724.390117417697,15.0,5.0,746.2333333333328,0.7530981887511916,12.0,86.0
13,724.8768855046349,15.0,4.0,722.2499999999994,0.7665071770334928,11.0,86.0
14,748.807716473674,14.0,4.0,743.3333333333327,0.7786407766990291,12.0,92.0
15,784.5214365573356,15.0,3.0,720.1833333333328,0.8049010367577757,11.0,82.0
16,685.191977894556,14.0,5.0,740.366666666666,0.7170172084130019,12.0,94.0
17,783.1964625344801,15.0,3.0,722.266666666666,0.8041431261770244,12.0,88.0
18,703.413923609601,14.0,5.0,728.316666666666,0.7270168855534709,12.0,91.0
19,700.1688351500001,15.0,5.0,725.2333333333327,0.7370478983382209,12.0,86.0
20,756.5982211198409,15.0,4.0,729.1833333333327,0.7777777777777778,12.0,83.0
21,721.9320075591319,15.0,5.0,721.2166666666661,0.7546071774975752,11.0,84.0
22,714.6199808815409,15.0,5.0,723.2666666666661,0.7459252157238735,12.0,88.0
23,810.1321805567036,17.0,3.0,727.9833333333329,0.8488038277511962,12.0,71.0
24,905.6880839853102,19.0,1.0,721.3333333333335,0.9490084985835694,17.0,37.0
25,891.0196309379282,19.0,1.0,731.3333333333334,0.9508357915437562,18.0,38.0
26,700.6330829213011,14.0,5.0,733.366666666666,0.724903474903475,12.0,94.0
27,725.0518785325914,15.0,5.0,721.2333333333329,0.7511870845204178,11.0,85.0
28,901.0595452033476,19.0,1.0,743.3333333333335,0.9452313503305004,18.0,38.0
29,753.0604175737678,15.0,4.0,739.1999999999995,0.7815442561205274,12.0,84.0
30,715.811741831679,15.0,5.0,724.1833333333328,0.75,11.0,82.0
31,779.504546622599,16.0,4.0,722.1166666666663,0.8068833652007649,11.0,78.0
32,909.7723906006331,19.0,1.0,753.3333333333335,0.950523311132255,18.0,38.0
33,757.1213759510023,15.0,4.0,747.2499999999994,0.7949465500485908,12.0,87.0
34,693.1090180835291,14.0,5.0,736.4166666666661,0.7129277566539924,12.0,97.0
35,900.994807368283,19.0,1.0,737.3333333333335,0.9542356377799416,18.0,38.0
36,728.4607296151191,15.0,5.0,731.2666666666662,0.7569113441372736,12.0,88.0
37,692.7158623633777,14.0,5.0,736.3833333333328,0.7338551859099804,12.0,95.0
38,756.6638394209069,16.0,4.0,721.0999999999995,0.7928709055876686,12.0,78.0
39,721.8473924018753,15.0,5.0,732.2666666666661,0.7521865889212828,12.0,88.0
40,713.9922432842011,14.0,5.0,742.3999999999994,0.7377358490566037,12.0,96.0
41,680.5002781831815,13.0,5.0,732.3999999999993,0.7156488549618321,11.0,95.0
42,691.7957463936183,14.0,5.0,720.2999999999994,0.7288629737609329,11.0,89.0
43,720.0167893481444,15.0,5.0,727.1833333333328,0.7560038424591738,11.0,82.0
44,789.6208208810485,15.0,3.0,729.2499999999994,0.8276533592989289,11.0,86.0
45,891.5910832360419,19.0,1.0,736.3333333333335,0.9477756286266924,18.0,38.0
46,735.3808288241562,15.0,4.0,746.2666666666662,0.7695274831243973,12.0,88.0
47,737.2221976445111,15.0,4.0,741.2666666666662,0.7699711260827719,12.0,88.0
48,686.6702640679158,14.0,5.0,720.3833333333326,0.7136060894386299,12.0,95.0
49,768.9644178860124,16.0,4.0,724.1166666666662,0.7980769230769231,11.0,78.0
50,915.4001550668268,19.0,1.0,734.3333333333335,0.9527410207939508,18.0,38.0
51,707.4232077758136,15.0,5.0,721.2833333333326,0.7497546614327772,12.0,89.0
52,695.3447840349979,14.0,5.0,723.3333333333327,0.7309941520467836,12.0,92.0
53,689.6280847047208,14.0,5.0,724.366666666666,0.7225433526011561,11.0,93.0
54,726.0089143895385,15.0,5.0,728.2666666666661,0.7557034220532319,12.0,88.0
55,720.7785373377139,15.0,5.0,729.2833333333328,0.7558823529411764,12.0,89.0
56,760.7009191580752,15.0,3.0,721.2333333333328,0.7973856209150327,12.0,86.0
57,734.9087712578807,15.0,4.0,746.2666666666662,0.7699711260827719,12.0,88.0
58,726.390101071152,14.0,5.0,722.3833333333326,0.7559129612109745,11.0,94.0
59,750.1454722423657,15.0,4.0,725.1999999999995,0.779245283018868,11.0,83.0
60,892.3331168223551,19.0,1.0,720.3333333333335,0.9545014520813165,18.0,38.0
61,796.1731183460145,16.0,3.0,721.0833333333329,0.839458413926499,12.0,77.0
62,761.99987484738,16.0,4.0,745.133333333333,0.8005725190839694,12.0,80.0
63,684.6787167812281,14.0,5.0,721.3333333333328,0.7109004739336493,11.0,91.0
64,719.8749613108198,15.0,4.0,723.2333333333328,0.753527751646284,11.0,85.0
65,784.1976569707022,15.0,3.0,723.2166666666661,0.8194980694980695,12.0,85.0
66,895.6337366663423,19.0,1.0,742.3333333333335,0.9454191033138402,18.0,38.0
67,713.299135226877,15.0,5.0,722.2166666666661,0.7404295051353875,11.0,84.0
68,752.1907529265023,15.0,4.0,747.2333333333328,0.7819047619047619,12.0,86.0
69,900.602414326961,19.0,1.0,738.3333333333335,0.9507246376811594,18.0,38.0
70,730.4567147317234,15.0,5.0,738.2666666666661,0.7551789077212806,12.0,88.0
71,726.5919706324362,15.0,4.0,730.1666666666662,0.7611374407582938,11.0,81.0
72,735.3143707875554,15.0,4.0,734.1333333333329,0.7720306513409961,11.0,79.0
73,747.4428852026429,16.0,4.0,731.1333333333329,0.7925784966698383,12.0,80.0
74,893.0247039285268,19.0,1.0,725.3333333333334,0.9517716535433071,18.0,38.0
75,707.6921643036246,15.0,5.0,720.2333333333328,0.7449664429530202,11.0,85.0
76,703.2098758833599,14.0,5.0,721.3999999999994,0.7204502814258912,11.0,95.0
77,725.9450333176405,15.0,4.0,730.2666666666661,0.7604166666666666,12.0,88.0
78,762.8332823387265,16.0,4.0,721.0833333333329,0.8015267175572519,11.0,76.0
79,680.6796066373105,13.0,5.0,721.366666666666,0.7122507122507122,11.0,93.0
80,693.124593766097,13.0,5.0,722.4499999999992,0.7288629737609329,11.0,98.0
81,743.8534743158709,15.0,4.0,727.2833333333327,0.7782101167315175,12.0,89.0
82,770.5991196428831,16.0,4.0,731.1333333333329,0.8067632850241546,12.0,80.0
83,731.9195282354796,15.0,5.0,729.2666666666661,0.7530747398297067,12.0,88.0
84,734.4834609762413,14.0,4.0,722.3333333333328,0.7662835249042146,11.0,91.0
85,772.7706660105822,16.0,4.0,741.133333333333,0.8040152963671128,12.0,80.0
86,725.0701175470297,15.0,5.0,720.2499999999995,0.7478591817316841,11.0,86.0
87,725.2867333810743,14.0,5.0,724.2999999999994,0.7483751160631383,11.0,89.0
88,786.2341124432899,16.0,4.0,741.1333333333328,0.8146013448607109,13.0,81.0
89,689.6946399471228,14.0,5.0,721.3499999999993,0.7102272727272727,11.0,92.0
90,730.4902410117274,15.0,4.0,727.1833333333328,0.7753134040501446,11.0,82.0
91,725.7063310661017,15.0,4.0,737.2666666666661,0.7611798287345385,12.0,88.0
92,903.3962903491351,19.0,1.0,745.3333333333334,0.9520153550863724,18.0,38.0
93,694.5873908647702,14.0,5.0,720.2833333333327,0.7253384912959381,11.0,88.0
94,756.3259684822319,15.0,4.0,725.2833333333328,0.7897334649555775,12.0,89.0
95,900.8312613716439,19.0,1.0,743.3333333333334,0.954368932038835,19.0,39.0
96,725.3663008123792,15.0,5.0,722.2499999999994,0.750465549348231,11.0,86.0
97,735.6135716437363,15.0,4.0,722.1833333333328,0.76930409914204,11.0,82.0
98,685.224054271089,14.0,5.0,733.3999999999993,0.7122507122507122,12.0,96.0
99,757.8093789167626,16.0,4.0,721.0666666666662,0.8013371537726839,12.0,76.0
100,712.8012914357901,15.0,5.0,731.2666666666661,0.7480769230769231,12.0,88.0
101,734.5277753256003,15.0,4.0,722.1666666666662,0.7688634192932188,11.0,81.0
102,721.0401250555649,15.0,4.0,722.1999999999995,0.7523629489603024,11.0,83.0
103,735.9183451309676,15.0,4.0,731.2499999999994,0.7604562737642585,12.0,87.0
104,715.4384514269333,15.0,5.0,730.2666666666661,0.7485822306238186,12.0,88.0
105,733.0723327940461,15.0,5.0,733.2666666666662,0.7552380952380953,12.0,88.0
106,889.8454252889865,19.0,1.0,727.3333333333335,0.9456838021338506,18.0,38.0
107,713.0087873748042,15.0,5.0,721.1999999999995,0.7459407831900668,11.0,83.0
108,745.0650135932306,15.0,4.0,720.1833333333327,0.7736030828516378,11.0,82.0
109,685.6731969049966,14.0,5.0,721.516666666666,0.7149666348903718,12.0,103.0
110,766.3251676667979,16.0,4.0,720.1499999999996,0.8015267175572519,12.0,81.0
111,731.4973484567128,15.0,4.0,726.1833333333328,0.7725072604065828,11.0,82.0
112,725.1272199392379,14.0,4.0,722.3833333333326,0.753514526710403,11.0,94.0
113,716.5897165362845,15.0,5.0,747.2666666666661,0.7495201535508638,12.0,88.0
114,755.7199183853587,16.0,4.0,723.1333333333329,0.7929050814956855,12.0,80.0
115,707.6226076537816,15.0,5.0,742.2666666666661,0.7415295256534365,12.0,88.0
116,827.511700610519,17.0,3.0,742.9999999999997,0.85,13.0,73.0
117,900.8652800399791,19.0,1.0,723.3333333333334,0.9507109004739337,18.0,38.0
118,725.8882615534884,14.0,5.0,733.2833333333327,0.7530402245088869,11.0,88.0
119,704.6521620546529,14.0,5.0,723.316666666666,0.7318224740321058,11.0,90.0
120,726.8790481781666,15.0,5.0,727.1499999999995,0.7512054001928641,11.0,80.0
121,759.2501746289236,16.0,4.0,742.1333333333328,0.7917068466730954,13.0,81.0
122,730.9469698907783,15.0,4.0,720.2499999999995,0.7690086621751684,11.0,86.0
123,718.2317129620993,15.0,5.0,736.2666666666661,0.7492795389048992,12.0,88.0
124,893.3912807453036,19.0,1.0,725.3333333333335,0.94921875,18.0,38.0
125,748.0066112851727,15.0,4.0,723.216666666666,0.7839622641509434,12.0,85.0
126,724.8921915776025,15.0,4.0,726.2666666666661,0.7549668874172185,12.0,88.0
127,737.7672098425207,15.0,4.0,730.2666666666662,0.7674641148325358,12.0,88.0
128,735.9186679700479,15.0,4.0,722.2499999999994,0.7742248062015504,11.0,86.0
129,733.7828713463707,15.0,4.0,721.2666666666661,0.7713736791546589,11.0,87.0
130,729.3874576352966,15.0,4.0,724.2499999999994,0.7609108159392789,11.0,86.0
131,782.6446420488261,15.0,3.0,725.2833333333326,0.8171428571428572,12.0,89.0
132,743.193256140353,15.0,4.0,724.2499999999995,0.7752380952380953,11.0,86.0
133,740.7207946543494,15.0,4.0,727.2166666666661,0.7704918032786885,11.0,84.0
134,854.1279977265535,17.0,2.0,723.9999999999997,0.8901623686723973,12.0,72.0
135,683.517387183585,13.0,5.0,724.3999999999994,0.704225352112676,11.0,95.0
136,897.3531121688435,19.0,1.0,750.3333333333335,0.9495718363463368,18.0,38.0
137,892.5869860745848,19.0,1.0,726.3333333333335,0.9456838021338506,18.0,38.0
138,898.2225600588648,19.0,1.0,724.3333333333335,0.9490874159462056,18.0,38.0
139,771.3917506482445,16.0,4.0,743.1333333333329,0.7996201329534662,12.0,80.0
140,708.7258869644115,15.0,5.0,722.2499999999994,0.7463556851311953,11.0,86.0
141,688.2700550824886,14.0,5.0,734.3999999999994,0.7170172084130019,12.0,96.0
142,698.748918312459,15.0,5.0,726.2499999999995,0.7398452611218569,11.0,86.0
143,730.5599170834307,15.0,4.0,733.2666666666661,0.7653846153846153,12.0,88.0
144,733.0463875457511,15.0,4.0,727.2499999999994,0.7638095238095238,11.0,86.0
145,782.7610179501019,15.0,4.0,734.1833333333327,0.8054511278195489,12.0,83.0
146,726.683304568872,15.0,4.0,723.2499999999994,0.7549481621112158,11.0,86.0
147,747.6042333016611,14.0,4.0,722.2666666666661,0.777027027027027,11.0,87.0
148,755.5583690243554,16.0,4.0,736.0999999999996,0.8005836575875487,12.0,78.0
149,735.7104621938938,15.0,4.0,721.1833333333328,0.7671102661596958,11.0,82.0
150,753.2918624189107,16.0,4.0,728.1333333333329,0.7921077959576516,12.0,80.0
151,897.9616852742165,19.0,1.0,742.3333333333335,0.9468599033816425,18.0,38.0
152,769.6915781622558,15.0,4.0,720.1833333333328,0.7948717948717948,11.0,82.0
153,728.836827786854,15.0,4.0,725.2499999999994,0.7661596958174905,11.0,86.0
154,716.8394694328628,15.0,5.0,731.2833333333328,0.7519083969465649,12.0,89.0
155,725.7654754885027,15.0,4.0,730.2666666666661,0.7615894039735099,12.0,88.0
156,894.6175571353717,19.0,1.0,736.3333333333335,0.9505813953488372,18.0,38.0
157,756.9436835212334,16.0,4.0,732.033333333333,0.7973102785782901,11.0,73.0
158,773.9149396742608,16.0,4.0,726.1499999999994,0.8051823416506718,13.0,82.0
159,713.4724090075849,15.0,5.0,725.2666666666661,0.7454017424975798,12.0,88.0
160,712.0131283804728,15.0,5.0,739.2666666666661,0.7433962264150943,12.0,88.0
161,691.6274386582837,14.0,5.0,722.3499999999993,0.7129277566539924,12.0,93.0
162,726.2081815718992,15.0,5.0,720.2666666666661,0.7533081285444234,11.0,87.0
163,729.0783441565873,15.0,5.0,721.2666666666661,0.7571428571428571,12.0,88.0
164,767.8560765972123,16.0,4.0,743.0999999999996,0.8028571428571428,12.0,78.0
165,700.919513598509,14.0,5.0,723.416666666666,0.7374631268436578,11.0,96.0
166,732.3299826234459,15.0,5.0,721.1999999999995,0.7509398496240601,11.0,83.0
167,720.0873489972198,14.0,4.0,724.3999999999993,0.7497648165569144,12.0,96.0
168,906.379557449583,19.0,1.0,738.3333333333334,0.9487179487179487,18.0,38.0
169,736.3202573546606,14.0,4.0,720.466666666666,0.7722007722007722,12.0,100.0
170,683.9182550199521,14.0,5.0,724.4333333333327,0.7149666348903718,11.0,97.0
171,896.9514943057954,19.0,1.0,723.3333333333335,0.9454022988505747,17.0,37.0
172,772.918492959873,16.0,4.0,723.0999999999996,0.8071705426356589,12.0,78.0
173,696.1417902611962,14.0,5.0,730.3499999999992,0.7379784102060843,12.0,93.0
174,719.0894929815652,15.0,5.0,722.2666666666661,0.7438563327032136,12.0,88.0
175,893.8876024927195,19.0,1.0,728.3333333333335,0.947267497603068,18.0,38.0
176,751.1481572707887,15.0,4.0,729.216666666666,0.7706945765937203,12.0,85.0
177,736.1014494799094,15.0,4.0,746.2666666666661,0.7722488038277512,12.0,88.0
178,726.7418623344092,15.0,4.0,721.2166666666661,0.7514018691588785,11.0,84.0
179,729.1501684431207,15.0,4.0,738.2666666666661,0.7589118198874296,12.0,88.0
180,903.7418924302915,19.0,1.0,737.3333333333334,0.9516908212560387,18.0,38.0
181,724.2516378378544,15.0,4.0,725.2499999999994,0.7568590350047304,11.0,86.0
182,756.2889983715559,15.0,4.0,724.2499999999995,0.792156862745098,12.0,87.0
183,747.0347413125039,15.0,4.0,745.2666666666662,0.7817307692307692,12.0,88.0
184,738.7933747799557,15.0,4.0,726.2499999999994,0.7742248062015504,11.0,86.0
185,913.4005303266583,19.0,1.0,727.3333333333334,0.9491046182846371,18.0,38.0
186,688.7990109739435,14.0,5.0,724.316666666666,0.7260406582768635,11.0,90.0
187,722.6693060036293,15.0,4.0,720.4499999999994,0.760603204524034,12.0,99.0
188,752.1081419011059,15.0,4.0,739.1833333333327,0.7857142857142857,12.0,83.0
189,759.1222481050665,15.0,4.0,738.2666666666662,0.792183031458532,12.0,88.0
190,891.0114394182069,19.0,1.0,723.3333333333334,0.9491850431447747,18.0,38.0
191,748.1386837122957,15.0,4.0,723.1999999999995,0.7767175572519084,11.0,83.0
192,697.7833107968811,14.0,5.0,720.3833333333326,0.7224835371589841,11.0,94.0
193,762.6004448073246,15.0,4.0,727.2166666666661,0.7952153110047847,12.0,85.0
194,774.6323502669088,16.0,4.0,720.0999999999996,0.8066666666666666,11.0,77.0
195,788.428049569402,15.0,3.0,737.2499999999994,0.8381046396841066,12.0,87.0
196,734.1783036952083,15.0,5.0,720.2333333333328,0.7606837606837606,11.0,85.0
197,785.0480174487404,15.0,3.0,726.2166666666661,0.8106565176022835,12.0,85.0
198,767.9577787243447,16.0,4.0,742.133333333333,0.7982791586998088,12.0,80.0
199,742.2784893004311,15.0,4.0,735.2666666666661,0.7642045454545454,12.0,88.0
200,916.0850635981514,19.0,1.0,738.3333333333334,0.9553656220322887,18.0,38.0
201,768.8337777072604,16.0,4.0,722.1333333333329,0.803088803088803,11.0,79.0
202,903.0083346479116,19.0,1.0,755.3333333333335,0.950187969924812,18.0,38.0
203,733.4892484064821,15.0,4.0,720.1999999999995,0.7570621468926554,11.0,83.0
204,696.0861805192795,14.0,5.0,720.2833333333327,0.7260406582768635,11.0,88.0
205,717.2022078182983,15.0,5.0,740.2666666666662,0.7526366251198466,12.0,88.0
206,689.9808617886271,14.0,5.0,724.3833333333328,0.7102272727272727,12.0,95.0
207,768.4601374954009,16.0,4.0,737.0999999999996,0.7981395348837209,12.0,78.0
208,729.0004658817368,15.0,4.0,734.2666666666661,0.7716763005780347,12.0,88.0
209,710.8347243146936,15.0,5.0,722.2166666666661,0.7415413533834586,11.0,84.0
210,763.4505514006762,16.0,4.0,744.1333333333329,0.7964184731385485,12.0,80.0
211,743.188972943605,15.0,4.0,720.2499999999994,0.7732057416267942,11.0,86.0
212,689.3175847118885,14.0,5.0,744.2833333333328,0.7149666348903718,11.0,88.0
213,776.4335976660402,15.0,3.0,723.2333333333328,0.8152380952380952,12.0,86.0
214,732.6415113993414,14.0,4.0,736.3333333333326,0.7716763005780347,12.0,92.0
215,758.3248229883836,16.0,4.0,726.1166666666662,0.7963320463320464,11.0,78.0
216,721.3282114724651,15.0,5.0,737.2666666666661,0.7590822179732314,12.0,88.0
217,898.2550626757086,19.0,1.0,733.3333333333335,0.9480151228733459,18.0,38.0
218,755.508537506473,16.0,4.0,721.0999999999996,0.7954759660697456,11.0,77.0
219,894.8451293216949,19.0,1.0,729.3333333333334,0.9465138490926457,18.0,38.0
220,723.668800177634,14.0,4.0,742.3833333333326,0.7591721542803387,12.0,95.0
221,719.0425111764039,15.0,5.0,720.2499999999994,0.7436619718309859,11.0,86.0
222,735.7813576133392,14.0,4.0,726.3833333333326,0.7664442326024785,11.0,94.0
223,689.5616165176,14.0,5.0,722.3999999999993,0.7260406582768635,11.0,95.0
224,900.6920221263222,19.0,1.0,749.3333333333335,0.9516587677725118,18.0,38.0
225,906.0177570419557,19.0,1.0,746.3333333333335,0.9459715639810427,18.0,38.0
226,721.1753341930564,15.0,5.0,742.2499999999995,0.7565725413826679,12.0,87.0
227,810.5092225268687,16.0,3.0,723.1166666666662,0.8408007626310772,12.0,79.0
228,734.9062546026355,15.0,4.0,735.2666666666662,0.7713736791546589,12.0,88.0
229,895.6616880825287,19.0,1.0,720.3333333333335,0.9492337164750958,17.0,37.0
230,717.3417957845538,15.0,5.0,728.2833333333328,0.7536231884057971,12.0,89.0
231,688.8085580279364,14.0,5.0,723.2999999999995,0.7170172084130019,11.0,89.0
232,680.3039599358175,14.0,5.0,721.3499999999995,0.6957328385899815,11.0,92.0
233,765.9407935066959,16.0,4.0,736.0999999999996,0.7969494756911344,12.0,78.0
234,913.7364886975213,19.0,1.0,724.7499999999998,0.9502868068833652,16.0,61.0
235,724.8814842929653,15.0,5.0,740.2666666666661,0.7521448999046711,12.0,88.0
236,729.8411932009794,15.0,4.0,720.2666666666661,0.7575471698113208,11.0,87.0
237,743.1066312501298,15.0,4.0,736.2666666666661,0.7783155856727977,12.0,88.0
238,683.744394471981,14.0,5.0,723.3166666666662,0.7088846880907372,11.0,90.0
239,780.5080690654172,15.0,3.0,723.2999999999994,0.8106060606060606,12.0,90.0
240,723.8323693541963,15.0,5.0,720.1999999999994,0.7560738581146744,12.0,84.0
241,720.4254087720963,15.0,5.0,723.2166666666661,0.7422096317280453,12.0,85.0
242,761.7147060118225,16.0,4.0,721.1333333333329,0.8061716489874639,11.0,79.0
243,771.2917272208174,15.0,4.0,726.2166666666661,0.7980861244019138,12.0,85.0
244,740.1949898816008,14.0,4.0,742.3999999999993,0.7676864244741873,12.0,96.0
245,728.4668157080389,15.0,4.0,724.2499999999995,0.7638095238095238,11.0,86.0
246,754.7290985880342,16.0,4.0,720.133333333333,0.7919463087248322,11.0,79.0
247,685.5401975494183,14.0,6.0,723.3499999999993,0.7046728971962617,11.0,92.0
248,690.4408043779792,14.0,5.0,724.316666666666,0.7232401157184185,11.0,90.0
249,895.428339223852,19.0,1.0,741.3333333333335,0.9488636363636364,18.0,38.0
250,756.018809603062,16.0,4.0,724.1166666666663,0.8005836575875487,11.0,78.0
251,912.0413605236251,19.0,1.0,743.3333333333335,0.9535545023696682,18.0,38.0
252,758.0355774527244,15.0,4.0,726.4166666666661,0.7900763358778626,12.0,97.0
253,690.591006862369,14.0,5.0,720.416666666666,0.7260536398467433,12.0,97.0
254,732.7514621017849,15.0,4.0,741.2333333333328,0.7570356472795498,12.0,86.0
255,913.2737106773425,19.0,1.0,749.3333333333335,0.949667616334283,18.0,38.0
256,725.4724746541781,15.0,4.0,738.466666666666,0.7592067988668555,14.0,102.0
257,682.9214617918639,14.0,5.0,725.2833333333328,0.7082152974504249,11.0,88.0
258,685.8740279743455,13.0,5.0,740.5166666666659,0.7109004739336493,12.0,103.0
259,705.6194571778792,14.0,5.0,727.3333333333327,0.7325692454632283,11.0,91.0
260,754.221527553615,16.0,4.0,724.0833333333329,0.7924170616113744,11.0,76.0
261,765.0177926068591,16.0,4.0,722.1333333333329,0.8035019455252919,11.0,79.0
262,911.1853230310037,19.0,1.0,731.3333333333334,0.95489443378119,18.0,38.0
263,782.7581415106076,15.0,3.0,721.2333333333328,0.8244422890397672,12.0,86.0
264,687.3862699860513,14.0,5.0,720.3166666666662,0.7156488549618321,11.0,90.0
265,887.6426175682676,19.0,1.0,750.3333333333334,0.9437984496124031,19.0,39.0
266,737.7811814635545,14.0,4.0,731.3833333333326,0.7713736791546589,12.0,95.0
267,725.1606862344779,14.0,5.0,746.366666666666,0.7514018691588785,12.0,94.0
268,926.3925745427023,19.0,1.0,736.3333333333334,0.9512652296157451,18.0,38.0
269,895.4605512341576,19.0,1.0,734.3333333333335,0.9473180076628352,18.0,38.0
270,733.4428674829559,15.0,4.0,721.2333333333328,0.7668886774500476,11.0,85.0
271,723.8500052345476,15.0,5.0,726.2499999999994,0.7535953978907,11.0,86.0
272,736.3577235769569,15.0,4.0,722.1833333333328,0.772552783109405,11.0,82.0
273,690.4091061565093,14.0,5.0,742.416666666666,0.7156488549618321,12.0,97.0
274,793.0087609598664,16.0,3.0,723.1166666666663,0.8236966824644549,12.0,79.0
275,898.9664192579108,19.0,1.0,746.3333333333335,0.9521531100478469,18.0,38.0
276,919.0365363400997,19.0,1.0,756.3333333333335,0.9526462395543176,18.0,38.0
277,712.9963411460504,15.0,5.0,722.1999999999996,0.7466666666666667,11.0,83.0
278,693.0644683934127,14.0,5.0,728.2666666666661,0.7225433526011561,11.0,87.0
279,710.436114170883,14.0,5.0,722.4999999999992,0.737799043062201,12.0,102.0
280,884.9071308333055,19.0,1.0,745.3333333333334,0.9471106758080313,18.0,38.0
281,691.7141223198905,13.0,5.0,746.5166666666659,0.7260406582768635,12.0,103.0
282,730.681098127817,15.0,4.0,723.2166666666662,0.7648183556405354,11.0,84.0
283,784.9522409175645,15.0,3.0,722.2833333333327,0.8221574344023324,12.0,89.0
284,745.7639928086044,15.0,4.0,722.2166666666661,0.7809152872444012,11.0,84.0
285,738.9610349525618,15.0,4.0,723.1999999999995,0.7852941176470588,11.0,83.0
286,713.2809654490466,15.0,5.0,720.2499999999995,0.7457466918714556,11.0,86.0
287,768.5952238919898,16.0,4.0,721.0999999999996,0.8023143683702989,11.0,77.0
288,894.8546027435136,19.0,1.0,739.3333333333335,0.9476236663433559,18.0,38.0
289,742.8540349357794,14.0,4.0,744.3999999999994,0.7730358874878759,12.0,96.0
290,782.7373004135592,15.0,3.0,728.2666666666661,0.8194044188280499,12.0,88.0
291,761.5185565628017,16.0,4.0,725.1166666666662,0.8011472275334608,11.0,78.0
292,774.2655490249025,15.0,3.0,726.1999999999994,0.8124410933081998,12.0,84.0
293,888.9324999765396,19.0,1.0,737.3333333333335,0.944069431051109,18.0,38.0
294,695.8107300068233,14.0,5.0,720.416666666666,0.7253057384760113,12.0,97.0
295,768.9689485524597,16.0,4.0,726.1166666666662,0.8017408123791102,11.0,78.0
296,910.6287447554803,19.0,1.0,733.3333333333334,0.9532888465204957,18.0,38.0
297,694.3696165168266,14.0,5.0,728.2999999999995,0.7211538461538461,11.0,89.0
298,906.7252204750849,19.0,1.0,742.3333333333335,0.946124763705104,18.0,38.0
299,905.2351699102774,19.0,1.0,739.3333333333334,0.9489894128970163,18.0,38.0
300,761.7551264602323,16.0,4.0,721.1333333333329,0.8044747081712063,11.0,79.0
301,736.6112355794261,15.0,4.0,720.2166666666662,0.7690839694656488,11.0,84.0
302,693.4172707270984,13.0,5.0,721.4499999999992,0.7225433526011561,11.0,98.0
303,765.7991054107343,16.0,4.0,728.1166666666662,0.8019047619047619,11.0,78.0
304,922.3076673255418,19.0,1.0,746.3333333333335,0.9545023696682464,18.0,38.0
305,768.2287828670197,16.0,4.0,722.1333333333329,0.8024809160305344,11.0,79.0
306,907.9903238282755,19.0,1.0,750.3333333333334,0.9509433962264151,19.0,39.0
307,738.4001507925242,14.0,4.0,722.4166666666661,0.7772420443587271,12.0,97.0
308,692.7573644338935,14.0,5.0,738.3833333333326,0.7288629737609329,12.0,95.0
309,729.8801125457333,14.0,4.0,741.3499999999993,0.7618595825426945,12.0,93.0
310,757.3003482892236,16.0,4.0,727.0833333333329,0.7904306220095694,12.0,77.0
311,747.4596255689491,15.0,4.0,722.2166666666661,0.7825242718446602,11.0,84.0
312,784.5926326187023,16.0,3.0,720.1166666666663,0.8282442748091603,12.0,79.0
313,680.0889018049493,13.0,6.0,743.4999999999992,0.704225352112676,12.0,102.0
314,730.0792700853272,15.0,5.0,744.2333333333328,0.7562380038387716,12.0,86.0
315,901.9490981048393,19.0,1.0,727.3333333333334,0.9465138490926457,18.0,38.0
316,734.0629669352121,15.0,4.0,720.2166666666661,0.7704130643611912,11.0,84.0
317,678.2711144927838,14.0,5.0,733.3833333333326,0.7009345794392523,12.0,95.0
318,718.931314401106,14.0,4.0,734.2666666666661,0.7537878787878788,11.0,87.0
319,740.7173121938231,15.0,4.0,721.2166666666661,0.7769156159068865,11.0,84.0
320,714.0896192773614,15.0,5.0,742.2666666666661,0.7435897435897436,12.0,88.0
321,911.5279961203457,19.0,1.0,748.3333333333335,0.9499527856468366,18.0,38.0
322,761.3510641077899,15.0,4.0,720.1666666666662,0.7970204841713222,11.0,81.0
323,725.5569947143385,15.0,4.0,723.2333333333328,0.7592067988668555,11.0,85.0
324,741.1423444420159,15.0,4.0,723.2166666666661,0.7758454106280194,11.0,84.0
325,737.4267418983975,14.0,4.0,722.3499999999993,0.7801556420233463,11.0,92.0
326,762.4715255362012,16.0,4.0,744.1333333333329,0.7988560533841754,12.0,80.0
327,722.2023623400294,15.0,4.0,723.2499999999995,0.7575471698113208,11.0,86.0
328,732.5418325834887,15.0,4.0,725.1833333333328,0.7630827783063748,11.0,82.0
329,813.895617404965,16.0,3.0,723.133333333333,0.8442307692307692,12.0,80.0
330,908.2769144646744,19.0,1.0,723.3333333333334,0.9540229885057471,18.0,38.0
331,672.329452566524,13.0,6.0,720.4166666666661,0.6950880444856349,11.0,96.0
332,784.1830139818528,16.0,3.0,721.0833333333329,0.8247126436781609,12.0,77.0
333,828.1734640968507,17.0,2.0,724.0499999999996,0.8707482993197279,11.0,74.0
334,711.6124989721159,15.0,5.0,726.2666666666662,0.7454718779790277,12.0,88.0
335,678.3799139208566,14.0,5.0,724.3999999999993,0.7055503292568204,11.0,95.0
336,735.625955019188,15.0,4.0,744.2666666666662,0.7739130434782608,12.0,88.0
337,900.1296368266634,19.0,1.0,735.3333333333335,0.9504289799809342,18.0,38.0
338,705.3815998506354,13.0,5.0,723.4666666666659,0.7309941520467836,11.0,99.0
339,896.9424314602918,19.0,1.0,730.3333333333335,0.9535333978702807,18.0,38.0
340,730.3908703666866,15.0,4.0,738.1833333333329,0.765609990393852,11.0,82.0
341,760.1883120845008,16.0,4.0,723.0999999999996,0.7998093422306959,11.0,77.0
342,689.8412170978368,14.0,5.0,722.3499999999993,0.7122507122507122,11.0,92.0
343,709.3580348194722,15.0,5.0,724.1999999999995,0.7475822050290135,11.0,83.0
344,727.217536412261,15.0,4.0,723.3333333333327,0.7582625118035883,12.0,92.0
345,760.4644199511195,16.0,4.0,737.1499999999994,0.8,13.0,82.0
346,908.1823832559674,19.0,1.0,728.3333333333334,0.9509615384615384,18.0,38.0
347,766.0452418827058,16.0,4.0,722.133333333333,0.8,11.0,79.0
348,888.6614873061687,19.0,1.0,742.3333333333335,0.9473684210526315,18.0,38.0
349,729.9993078537245,15.0,4.0,722.2499999999994,0.7647619047619048,11.0,86.0
350,893.7811890536711,19.0,1.0,722.3333333333334,0.9526112185686654,18.0,38.0
351,710.2749095184978,14.0,5.0,721.2999999999994,0.7347328244274809,11.0,89.0
352,888.2114026858955,19.0,1.0,731.3333333333335,0.9454545454545454,18.0,38.0
353,789.1712004183237,16.0,3.0,721.1333333333329,0.8373668925459826,12.0,80.0
354,694.6563592195448,14.0,5.0,720.3333333333327,0.7239382239382239,11.0,91.0
355,723.3423680514795,15.0,5.0,730.2499999999994,0.7509398496240601,12.0,87.0
356,735.7848188818093,15.0,4.0,722.2833333333327,0.7762777242044359,12.0,89.0
357,724.6104042306672,15.0,5.0,722.2666666666662,0.7497630331753554,11.0,87.0
358,738.6738870675428,15.0,4.0,744.2666666666662,0.7625354777672658,12.0,88.0
359,897.6819282279412,19.0,1.0,722.3333333333334,0.9513358778625954,18.0,38.0
360,916.1549197388363,19.0,1.0,720.3333333333335,0.9559925093632958,18.0,38.0
361,776.7679168432682,15.0,3.0,725.2333333333328,0.8171318575553417,12.0,86.0
362,725.2795703119161,15.0,4.0,747.2666666666661,0.7539906103286385,12.0,88.0
363,752.4888391797323,15.0,4.0,722.1999999999995,0.7808612440191387,11.0,83.0
364,732.2621225603878,14.0,5.0,732.3333333333327,0.7568590350047304,12.0,92.0
365,688.8140202035763,14.0,5.0,728.3499999999992,0.7218479307025987,12.0,93.0
366,898.2139438764842,19.0,1.0,725.3333333333335,0.9510357815442562,18.0,38.0
367,719.9052542745526,15.0,5.0,720.2499999999995,0.7497593840230992,11.0,86.0
368,726.8789444777667,15.0,4.0,732.1666666666662,0.7589453860640302,11.0,81.0
369,730.6481585285467,15.0,4.0,732.2666666666661,0.7656546489563567,12.0,88.0
370,742.2912521311663,14.0,4.0,720.2999999999994,0.7678401522359658,11.0,89.0
371,770.0379399719217,16.0,4.0,730.0499999999995,0.7990430622009569,12.0,75.0
372,917.6312526885038,19.0,1.0,750.3333333333334,0.9483568075117371,19.0,39.0
373,900.0626165241856,19.0,1.0,736.3333333333335,0.9470198675496688,18.0,38.0
374,813.8238105298251,16.0,3.0,726.0999999999995,0.8455598455598455,12.0,78.0
375,740.9561200113696,15.0,4.0,733.2666666666661,0.7762777242044359,12.0,88.0
376,898.3947915292872,19.0,1.0,725.3333333333335,0.9450757575757576,18.0,38.0
377,901.5643811909274,19.0,1.0,727.3333333333335,0.9545893719806763,18.0,38.0
378,884.2289597212679,19.0,1.0,731.3333333333334,0.9467054263565892,18.0,38.0
379,742.9031962203011,15.0,4.0,723.1666666666663,0.7829457364341085,11.0,81.0
380,749.8237483042038,16.0,4.0,727.1166666666662,0.7962962962962963,11.0,78.0
381,740.3810079405666,15.0,4.0,721.2499999999994,0.7745383867832848,11.0,86.0
382,727.832355422006,15.0,5.0,720.2666666666662,0.7528409090909091,11.0,87.0
383,758.800591625078,15.0,4.0,722.316666666666,0.7928709055876686,12.0,91.0
384,712.2320113561306,15.0,5.0,740.3833333333328,0.7440532825880114,13.0,96.0
385,702.2140949063869,15.0,5.0,733.2666666666661,0.7381642512077294,12.0,88.0
386,889.523980265675,19.0,1.0,737.3333333333335,0.9496611810261375,18.0,38.0
387,695.2915261741412,14.0,5.0,724.3999999999993,0.7260536398467433,12.0,96.0
388,685.4992378419188,14.0,5.0,726.3333333333327,0.7109004739336493,11.0,91.0
389,717.2468225558728,15.0,5.0,736.2666666666661,0.7521613832853026,12.0,88.0
390,737.1736758282528,15.0,4.0,740.2499999999994,0.7679769894534996,12.0,87.0
391,716.7915336570762,15.0,5.0,733.2499999999994,0.7457786116322702,12.0,87.0
392,741.9470044069199,15.0,4.0,745.2666666666662,0.7739130434782608,12.0,88.0
393,680.750501570937,14.0,5.0,720.3833333333326,0.7082152974504249,11.0,94.0
394,691.121895369479,14.0,5.0,732.4499999999992,0.7102272727272727,13.0,100.0
395,737.1303943072655,15.0,4.0,720.3999999999993,0.7723880597014925,12.0,96.0
396,914.6725689483919,19.0,1.0,736.3333333333334,0.9537735849056603,18.0,38.0
397,708.250307580809,15.0,5.0,739.2666666666661,0.7446183953033269,12.0,88.0
398,692.574049178023,14.0,5.0,728.366666666666,0.7183908045977011,12.0,94.0
399,737.4805998243772,15.0,4.0,723.1833333333328,0.7673975214489991,11.0,82.0
400,714.3117680095357,15.0,5.0,736.2666666666661,0.7400379506641366,12.0,88.0
401,735.1742315783988,15.0,4.0,722.2166666666661,0.76981852913085,11.0,84.0
402,881.6148157476823,19.0,1.0,740.3333333333335,0.9495635305528612,18.0,38.0
403,912.8418015151136,19.0,1.0,721.3333333333335,0.9509615384615384,17.0,37.0
404,901.16761959313,19.0,1.0,737.3333333333335,0.9490084985835694,18.0,38.0
405,767.6860313543948,16.0,4.0,723.1333333333329,0.8028708133971292,12.0,80.0
406,906.6759032122803,19.0,1.0,729.3333333333335,0.9533777354900095,18.0,38.0
407,687.1642225540345,14.0,5.0,722.366666666666,0.7239382239382239,11.0,93.0
408,686.9906058835809,14.0,5.0,726.3833333333326,0.7055503292568204,11.0,94.0
409,758.5993000236051,16.0,4.0,720.1499999999994,0.7953890489913544,12.0,81.0
410,724.0141558798255,14.0,5.0,747.3833333333326,0.7521047708138447,12.0,95.0
411,919.260605422653,19.0,1.0,742.3333333333335,0.95260663507109,18.0,38.0
412,732.8081350382045,14.0,4.0,721.3999999999993,0.7681992337164751,12.0,96.0
413,897.9501777818031,19.0,1.0,728.3333333333334,0.9455066921606119,18.0,38.0
414,680.9835047396101,14.0,5.0,746.366666666666,0.706880301602262,12.0,94.0
415,791.307398856695,16.0,3.0,726.133333333333,0.827521206409048,12.0,80.0
416,682.4168525744165,14.0,5.0,720.3999999999994,0.7149666348903718,11.0,95.0
417,725.2087059881776,15.0,5.0,729.2666666666661,0.7531707317073171,12.0,88.0
418,757.3672111694073,15.0,4.0,723.2166666666661,0.7851083883129123,12.0,85.0
419,768.5344560096723,15.0,3.0,720.2666666666662,0.8110161443494777,12.0,88.0
420,900.6585029302073,19.0,1.0,744.3333333333335,0.9498580889309366,18.0,38.0
421,696.9590431633194,14.0,5.0,720.5999999999992,0.7345559845559846,13.0,109.0
422,747.269935936051,15.0,4.0,732.2666666666661,0.7803030303030303,12.0,88.0
423,895.542019055174,19.0,1.0,730.3333333333335,0.9499518768046198,18.0,38.0
424,737.7900606045567,15.0,4.0,724.2499999999994,0.7745664739884393,11.0,86.0
425,729.7229302846001,14.0,4.0,729.2999999999995,0.7518656716417911,11.0,89.0
426,913.0058411639022,19.0,1.0,725.3333333333334,0.9510357815442562,18.0,38.0
427,909.9965192642486,19.0,1.0,736.3333333333335,0.9521072796934866,18.0,38.0
428,705.0381504822533,14.0,5.0,742.3999999999993,0.7387127761767531,12.0,96.0
429,766.6119287106785,15.0,4.0,720.2499999999995,0.7952153110047847,11.0,86.0
430,752.5916407835493,15.0,4.0,745.1999999999995,0.780952380952381,12.0,84.0
431,778.2554231780709,16.0,4.0,739.0499999999995,0.809478672985782,12.0,75.0
432,721.5536262388232,15.0,5.0,741.4666666666659,0.7559808612440191,14.0,102.0
433,782.3627759726344,16.0,4.0,743.133333333333,0.8101629913710451,12.0,80.0
434,738.4910034688442,15.0,4.0,737.2666666666662,0.7689357622243528,12.0,88.0
435,757.336006209568,15.0,4.0,722.1999999999994,0.7848837209302325,12.0,84.0
436,764.3996268641195,16.0,4.0,722.1166666666662,0.8044103547459253,11.0,78.0
437,746.9311153237712,15.0,4.0,740.2666666666661,0.7810077519379846,12.0,88.0
438,759.6090920378276,16.0,4.0,738.1333333333329,0.7980952380952381,12.0,80.0
439,730.5790620728083,15.0,4.0,740.2666666666661,0.7660594439117929,12.0,88.0
440,721.6563911040855,15.0,5.0,746.1333333333329,0.7471910112359551,11.0,79.0
441,909.1617547094916,19.0,1.0,720.3333333333335,0.9539347408829175,18.0,38.0
442,724.7095350701518,15.0,4.0,720.2166666666661,0.764034253092293,11.0,84.0
443,723.1324295621878,15.0,4.0,727.2499999999994,0.7601510859301227,11.0,86.0
444,727.8786801610718,15.0,4.0,720.2666666666661,0.7649289099526067,11.0,87.0
445,731.9512102384681,15.0,4.0,721.1833333333328,0.7641418983700863,11.0,82.0
446,716.2851108168235,14.0,5.0,748.316666666666,0.748046875,12.0,91.0
447,695.810606650516,14.0,5.0,721.316666666666,0.7267441860465116,11.0,90.0
448,891.2468974252736,19.0,1.0,727.3333333333335,0.9528949950932286,18.0,38.0
449,755.4771604058967,16.0,4.0,747.1333333333329,0.7980676328502415,12.0,80.0
450,888.7186843664788,19.0,1.0,722.3333333333335,0.9468085106382979,17.0,37.0
451,904.9197922045186,19.0,1.0,752.3333333333335,0.9499518768046198,18.0,38.0
452,903.0680379659993,19.0,1.0,744.3333333333335,0.9501915708812261,18.0,38.0
453,720.3482858260154,15.0,5.0,721.2166666666661,0.7483629560336763,11.0,84.0
454,749.73564191176,15.0,4.0,732.2666666666661,0.7809152872444012,12.0,88.0
455,727.7311879783877,15.0,4.0,724.2499999999995,0.7514071294559099,11.0,86.0
456,725.7526689904666,14.0,5.0,749.3999999999993,0.7476808905380334,12.0,96.0
457,905.5780856286574,19.0,1.0,740.7499999999998,0.9530075187969925,16.0,61.0
458,726.4335109860565,15.0,5.0,735.2666666666661,0.7528846153846154,12.0,88.0
459,714.0600574716127,15.0,5.0,724.2166666666661,0.7453838678328474,11.0,84.0
460,903.923461884597,19.0,1.0,744.3333333333335,0.9487179487179487,18.0,38.0
461,692.1263561126465,14.0,5.0,734.2999999999994,0.7253384912959381,11.0,89.0
462,734.0024348218037,15.0,4.0,722.2666666666662,0.7658349328214972,11.0,87.0
463,817.2564748297074,17.0,3.0,721.033333333333,0.8528015194681862,12.0,74.0
464,764.1778163480844,16.0,4.0,746.133333333333,0.8,12.0,80.0
465,714.9739381663242,15.0,5.0,734.2666666666661,0.7414122137404581,12.0,88.0
466,739.2335514890499,14.0,4.0,730.3833333333328,0.7650429799426934,12.0,95.0
467,689.886279961978,14.0,5.0,724.3333333333327,0.7218479307025987,11.0,91.0
468,719.5440369441812,15.0,5.0,739.2499999999994,0.7497621313035204,12.0,87.0
469,689.2233538288709,14.0,5.0,721.2833333333327,0.7190795781399808,11.0,88.0
470,723.0048559224152,15.0,4.0,721.1999999999996,0.7549668874172185,11.0,83.0
471,746.733304058634,15.0,4.0,738.2166666666661,0.7722586691658857,12.0,85.0
472,736.4753992931576,14.0,4.0,722.3333333333327,0.7731660231660231,11.0,91.0
473,763.2751982048858,15.0,4.0,726.1666666666662,0.7925581395348837,11.0,81.0
474,734.4598332624311,15.0,4.0,730.2333333333328,0.767175572519084,12.0,86.0
475,720.4520121296534,15.0,5.0,746.2666666666662,0.7485604606525912,12.0,88.0
476,903.4042318169959,19.0,1.0,735.3333333333335,0.9453499520613614,18.0,38.0
477,900.1942443098476,19.0,1.0,740.3333333333334,0.9486434108527132,18.0,38.0
478,688.0669439444331,14.0,5.0,731.3999999999993,0.7218479307025987,12.0,96.0
479,796.5041092105799,17.0,3.0,722.9833333333329,0.8480154888673765,13.0,72.0
480,762.4720478074557,16.0,4.0,721.1333333333329,0.8015267175572519,11.0,79.0
481,874.7901165003493,19.0,1.0,732.3333333333335,0.9449901768172888,18.0,38.0
482,726.2039279735935,15.0,4.0,730.2666666666662,0.7587511825922422,12.0,88.0
483,914.284545266742,19.0,1.0,753.3333333333335,0.949814126394052,18.0,38.0
484,735.916953257765,15.0,4.0,720.1999999999995,0.7726396917148363,11.0,83.0
485,898.667831157458,19.0,1.0,738.3333333333335,0.9518867924528301,18.0,38.0
486,692.371192147521,14.0,5.0,721.3166666666662,0.7225433526011561,11.0,90.0
487,717.5052792443919,15.0,5.0,733.2666666666661,0.7468839884947267,12.0,88.0
488,695.6120083996532,14.0,5.0,723.3999999999993,0.7309941520467836,12.0,96.0
489,730.0721426757142,15.0,4.0,725.1499999999995,0.7609108159392789,11.0,80.0
490,901.5774391724872,19.0,1.0,749.3333333333335,0.9470644850818094,18.0,38.0
491,717.5409644743702,15.0,5.0,726.2666666666661,0.7471910112359551,12.0,88.0
492,729.0692505460114,14.0,4.0,720.366666666666,0.7772373540856031,11.0,93.0
493,679.9958386274886,14.0,5.0,722.3666666666661,0.7055503292568204,11.0,93.0
494,739.3047745637141,15.0,4.0,722.2333333333328,0.7723342939481268,12.0,86.0
495,737.4031869929469,15.0,4.0,720.2333333333328,0.7822265625,11.0,85.0
496,749.6059786803846,15.0,4.0,727.316666666666,0.7874165872259294,13.0,92.0
497,720.7250252337487,15.0,5.0,728.2666666666661,0.753358925143954,12.0,88.0
498,813.2818374414986,16.0,3.0,726.0833333333329,0.8428571428571429,11.0,76.0
499,770.9813116399507,15.0,3.0,722.2499999999993,0.8100189035916824,12.0,87.0
500,742.6715935201591,15.0,4.0,722.2166666666661,0.7707930367504836,11.0,84.0
501,716.8040922046373,15.0,5.0,722.2666666666661,0.7476099426386233,11.0,87.0
502,905.1865912640918,19.0,1.0,726.3333333333335,0.9489603024574669,18.0,38.0
503,690.330034926196,13.0,5.0,724.3999999999994,0.7156488549618321,11.0,95.0
504,688.0267281296431,14.0,5.0,720.3999999999993,0.7109004739336493,11.0,95.0
505,891.1800930365985,19.0,1.0,738.3333333333335,0.9470134874759152,18.0,38.0
506,732.6554752309642,15.0,4.0,723.2333333333328,0.759697256385998,11.0,85.0
507,724.7764059899737,15.0,5.0,720.2166666666661,0.7476190476190476,11.0,84.0
508,909.1074628611796,19.0,1.0,722.3333333333334,0.953125,18.0,38.0
509,895.073791790335,19.0,1.0,733.3333333333335,0.9468690702087287,18.0,38.0
510,731.7022549727997,15.0,4.0,721.2166666666661,0.7689357622243528,11.0,84.0
511,770.8997112425482,15.0,3.0,732.2499999999994,0.8076190476190476,12.0,87.0
512,686.8423973186052,14.0,5.0,725.3499999999992,0.7129277566539924,12.0,93.0
513,751.2733461475882,15.0,4.0,735.2166666666661,0.7864077669902912,12.0,85.0
514,784.4750688957654,15.0,3.0,722.2166666666661,0.8209817131857555,12.0,85.0
515,735.280728343169,15.0,4.0,722.2499999999994,0.775096525096525,11.0,86.0
516,709.6538028336862,15.0,5.0,745.2666666666662,0.7441634241245136,12.0,88.0
517,679.3170515234933,13.0,5.0,720.3999999999994,0.706880301602262,11.0,95.0
518,788.007674960096,15.0,3.0,724.216666666666,0.8289855072463768,12.0,85.0
519,712.554709986717,15.0,5.0,721.2166666666661,0.7459095283926853,11.0,84.0
520,748.9032612071924,16.0,4.0,725.0666666666663,0.7890173410404624,11.0,75.0
521,764.5633466421275,16.0,4.0,726.1333333333329,0.8028846153846154,12.0,80.0
522,689.1478867349108,14.0,5.0,724.366666666666,0.7260406582768635,11.0,93.0
523,896.6151723766984,19.0,1.0,738.3333333333335,0.9477186311787072,18.0,38.0
524,899.3749856390643,19.0,1.0,738.3333333333335,0.9510556621880998,18.0,38.0
525,890.2382824775011,19.0,1.0,745.3333333333335,0.944015444015444,18.0,38.0
526,744.2510023459581,15.0,4.0,738.2666666666661,0.7866273352999017,12.0,88.0
527,739.7170081885486,15.0,4.0,725.2499999999994,0.7676190476190476,11.0,86.0
528,717.5939809628466,15.0,5.0,720.2499999999994,0.7447619047619047,11.0,86.0
529,776.3557595534883,15.0,3.0,720.2666666666662,0.8097928436911488,11.0,87.0
530,904.6607397912098,19.0,1.0,734.3333333333335,0.9500959692898272,18.0,38.0
531,701.2612542479885,14.0,5.0,721.4166666666658,0.7285714285714285,12.0,97.0
532,721.9825814751994,15.0,5.0,728.2499999999994,0.750965250965251,12.0,87.0
533,733.598878340852,15.0,5.0,746.2333333333328,0.7548928238583411,12.0,86.0
534,900.3403550067065,19.0,1.0,747.3333333333335,0.9522900763358778,18.0,38.0
535,725.2345943678642,15.0,5.0,726.2333333333328,0.7583170254403131,12.0,86.0
536,744.2415791853514,15.0,4.0,738.2666666666661,0.768642447418738,12.0,88.0
537,898.9163789388949,19.0,1.0,734.3333333333334,0.9485224022878932,18.0,38.0
538,897.6886100811685,19.0,1.0,733.3333333333335,0.9471698113207547,18.0,38.0
539,885.1659101912219,19.0,1.0,747.3333333333335,0.9528392685274302,18.0,38.0
540,817.1957526912879,17.0,3.0,745.9833333333329,0.8533585619678334,13.0,72.0
541,794.7587655787286,16.0,3.0,721.1333333333329,0.8275862068965517,12.0,80.0
542,765.9240740500817,16.0,4.0,728.1333333333329,0.8015414258188824,12.0,80.0
543,725.4733533978012,15.0,5.0,723.2499999999995,0.7490458015267175,11.0,86.0
544,791.9552084277545,16.0,3.0,745.1499999999995,0.8307543520309478,12.0,81.0
545,914.136967158566,19.0,1.0,733.3333333333335,0.9523355576739753,18.0,38.0
546,722.0680282873845,15.0,5.0,744.2666666666661,0.753358925143954,12.0,88.0
547,728.69182410247,15.0,4.0,725.2499999999994,0.7585227272727273,11.0,86.0
548,705.6220403482607,14.0,5.0,723.366666666666,0.7271872060206962,11.0,93.0
549,774.9102943341262,15.0,3.0,727.2166666666661,0.816267942583732,12.0,85.0
550,693.1704069888563,14.0,5.0,733.3999999999993,0.7197696737044146,12.0,96.0
551,722.4531526262432,15.0,5.0,739.2166666666661,0.7545367717287488,12.0,85.0
552,735.5449436282413,15.0,4.0,722.1999999999995,0.7690839694656488,11.0,83.0
553,731.6760464672916,15.0,4.0,723.2499999999994,0.7763794772507261,11.0,86.0
554,735.0476186251177,15.0,4.0,720.1999999999995,0.7746615087040619,11.0,83.0
555,730.292200540473,15.0,5.0,741.2333333333328,0.7604166666666666,12.0,86.0
556,775.724520798426,15.0,4.0,723.2166666666661,0.8018779342723005,11.0,84.0
557,742.080730391267,15.0,4.0,745.2666666666662,0.7731660231660231,12.0,88.0
558,723.5852443559854,15.0,5.0,728.1999999999995,0.7564469914040115,11.0,83.0
559,753.3418324142276,15.0,4.0,720.2166666666661,0.7855100095328885,11.0,84.0
560,780.6176080463946,16.0,3.0,725.133333333333,0.8193116634799236,12.0,80.0
561,736.5146792490908,15.0,4.0,721.2499999999994,0.7727272727272727,11.0,86.0
562,737.91208263848,15.0,4.0,722.2499999999995,0.7727272727272727,11.0,86.0
563,778.2210387697555,15.0,3.0,721.2166666666661,0.8106060606060606,12.0,85.0
564,735.9854595356978,15.0,4.0,722.2499999999994,0.7667304015296367,11.0,86.0
565,751.6832653240433,16.0,4.0,733.1333333333329,0.7915057915057915,12.0,80.0
566,729.1499937104031,15.0,4.0,725.1999999999996,0.7645933014354067,11.0,83.0
567,738.9872828063544,14.0,4.0,721.3666666666661,0.7742555235350624,11.0,93.0
568,901.1876354831091,18.0,1.0,732.883333333333,0.932573599240266,15.0,68.0
569,890.1877131234644,19.0,1.0,741.3333333333334,0.9494655004859086,18.0,38.0
570,763.0655796822609,16.0,4.0,728.2166666666661,0.7978927203065134,13.0,86.0
571,911.077029439892,19.0,1.0,752.3333333333335,0.9516587677725118,19.0,39.0
572,759.2635319452997,16.0,4.0,746.1333333333329,0.797676669893514,12.0,80.0
573,754.0449111644533,15.0,4.0,726.2333333333328,0.7857142857142857,11.0,85.0
574,911.5853795664073,19.0,1.0,725.3333333333334,0.9531996179560649,18.0,38.0
575,735.3482119262583,14.0,4.0,739.2999999999994,0.7626310772163966,11.0,89.0
576,765.839445188727,16.0,4.0,745.1333333333329,0.8047619047619048,12.0,80.0
577,808.18009959422,16.0,3.0,723.1499999999996,0.8432692307692308,12.0,81.0
578,751.9319424498694,16.0,4.0,740.033333333333,0.7976653696498055,11.0,73.0
579,735.9348349461427,15.0,4.0,744.2666666666661,0.7732558139534884,12.0,88.0
580,757.7537473378356,16.0,4.0,739.1333333333329,0.7954329210275928,12.0,80.0
581,730.3320212131584,15.0,4.0,726.2499999999995,0.7597712106768351,11.0,86.0
582,739.4197648494159,14.0,4.0,737.366666666666,0.7732558139534884,12.0,94.0
583,725.1261604808404,15.0,5.0,725.2666666666662,0.7507163323782235,12.0,88.0
584,682.6270599337986,14.0,5.0,721.2666666666661,0.7109004739336493,11.0,87.0
585,755.1836759280407,16.0,4.0,723.0999999999996,0.7974927675988428,11.0,77.0
586,793.6991763574379,16.0,3.0,721.0999999999996,0.8191190253045924,12.0,78.0
587,780.5965610896847,16.0,4.0,735.0999999999996,0.8115942028985508,12.0,78.0
588,904.975993233965,19.0,1.0,726.3333333333335,0.9493791786055397,18.0,38.0
589,892.521219065978,19.0,1.0,726.3333333333335,0.9460737937559129,18.0,38.0
590,725.8732782119323,15.0,4.0,739.2666666666661,0.7597340930674265,12.0,88.0
591,798.6927608552068,16.0,3.0,743.3499999999993,0.8434197886647454,13.0,94.0
592,783.0022063008112,15.0,3.0,743.2499999999994,0.8133971291866029,12.0,87.0
593,736.7854980801937,15.0,4.0,737.2666666666662,0.7688634192932188,12.0,88.0
594,693.6615580921938,14.0,5.0,724.416666666666,0.7225433526011561,12.0,97.0
595,719.3217905529068,15.0,5.0,733.2666666666661,0.7516462841015993,12.0,88.0
596,777.0511792857328,16.0,4.0,724.1333333333329,0.8067542213883677,12.0,80.0
597,693.2830969406857,14.0,5.0,725.3833333333326,0.7197696737044146,11.0,94.0
598,832.4562901129209,17.0,3.0,722.9166666666663,0.8548387096774194,11.0,66.0
599,728.0547624035878,15.0,5.0,720.2833333333328,0.7595307917888563,12.0,89.0
600,773.6040266684338,16.0,4.0,720.0666666666663,0.8,11.0,75.0
601,687.1292497201405,14.0,5.0,725.316666666666,0.7088846880907372,11.0,90.0
602,803.3394498350804,16.0,3.0,720.0833333333329,0.8434197886647454,12.0,77.0
603,905.653428424752,19.0,1.0,731.3333333333334,0.9517958412098299,18.0,38.0
604,905.6771287044467,19.0,1.0,722.3333333333334,0.9520613614573347,18.0,38.0
605,900.6881513980995,19.0,1.0,754.3333333333335,0.9514091350826045,19.0,39.0
606,731.6949241363516,15.0,5.0,723.1999999999995,0.7511563367252544,11.0,83.0
607,755.8807980554946,16.0,4.0,739.0999999999996,0.7963320463320464,12.0,78.0
608,761.1419483989403,16.0,4.0,727.1166666666662,0.7979127134724858,11.0,78.0
609,723.8151591556061,15.0,5.0,722.2499999999995,0.7509293680297398,11.0,86.0
610,755.2914345360006,16.0,4.0,746.0999999999996,0.7921077959576516,12.0,78.0
611,896.4204178214984,19.0,1.0,752.3333333333335,0.9467680608365019,18.0,38.0
612,701.8910140751852,13.0,5.0,727.3999999999994,0.7295719844357976,11.0,95.0
613,909.2140754464563,19.0,1.0,733.3333333333335,0.9500941619585688,18.0,38.0
614,740.246955016295,15.0,4.0,741.2333333333328,0.7776708373435997,12.0,86.0
615,910.961076252511,19.0,1.0,735.3333333333335,0.9512195121951219,18.0,38.0
616,695.837754877894,14.0,5.0,727.2833333333327,0.7396449704142012,11.0,88.0
617,781.5600248381473,16.0,3.0,722.0833333333329,0.8169556840077071,11.0,76.0
618,723.9150717882396,15.0,5.0,725.2499999999994,0.7516587677725118,12.0,87.0
619,724.7374325422352,15.0,4.0,725.2499999999994,0.7580037664783428,11.0,86.0
620,766.8432384637384,16.0,4.0,731.1333333333329,0.7953890489913544,13.0,81.0
621,684.0118011606205,14.0,5.0,726.366666666666,0.7062146892655368,11.0,93.0
622,745.2922898109284,15.0,4.0,720.2499999999994,0.7880859375,11.0,86.0
623,894.3423665637438,19.0,1.0,744.3333333333335,0.9504373177842566,18.0,38.0
624,748.4611199205199,15.0,4.0,745.2666666666662,0.7791469194312797,12.0,88.0
625,892.3462900790223,19.0,1.0,732.3333333333334,0.9486434108527132,18.0,38.0
626,913.344725422688,19.0,1.0,730.3333333333335,0.9517045454545454,18.0,38.0
627,761.3191900277475,16.0,4.0,720.216666666666,0.7990291262135922,13.0,86.0
628,907.0151855607107,19.0,1.0,737.3333333333335,0.950381679389313,18.0,38.0
629,737.0904914578224,14.0,4.0,720.3999999999994,0.7630827783063748,11.0,95.0
630,903.9796327938441,19.0,1.0,735.3333333333334,0.9491850431447747,18.0,38.0
631,896.550851238881,19.0,1.0,746.3333333333335,0.9500480307396734,18.0,38.0
632,904.8193229928526,19.0,1.0,746.3333333333334,0.9508506616257089,18.0,38.0
633,704.605471105662,14.0,5.0,729.4833333333324,0.732421875,13.0,102.0
634,778.9322325273224,15.0,3.0,721.1999999999995,0.8195777351247601,11.0,83.0
635,736.6690817984445,14.0,4.0,724.4333333333327,0.7651515151515151,12.0,98.0
636,908.9162272141659,19.0,1.0,736.3333333333335,0.9500471253534402,18.0,38.0
637,693.2175892519609,14.0,5.0,726.2833333333327,0.7218479307025987,11.0,88.0
638,747.4296352157154,16.0,4.0,720.0666666666663,0.7903846153846154,11.0,75.0
639,897.0400150128683,19.0,1.0,726.3333333333334,0.9461020211742059,18.0,38.0
640,735.2735758162773,15.0,5.0,722.2166666666661,0.7573739295908658,11.0,84.0
641,755.9127156062061,15.0,4.0,741.4499999999992,0.7904483430799221,13.0,100.0
642,713.1435487659819,14.0,5.0,721.3333333333327,0.7385931558935361,11.0,91.0
643,740.738487538518,15.0,4.0,720.2499999999994,0.7743445692883895,11.0,86.0
644,783.3927142202118,15.0,3.0,735.2499999999994,0.8268858800773694,12.0,87.0
645,774.7750945180643,15.0,3.0,720.216666666666,0.8079847908745247,11.0,84.0
646,725.4118660273484,15.0,4.0,721.2166666666661,0.7654320987654321,11.0,84.0
647,735.7443092059353,15.0,4.0,746.2666666666661,0.7637571157495257,12.0,88.0
648,671.7755997459528,13.0,5.0,739.5499999999993,0.6925207756232687,12.0,105.0
649,697.4099449481339,14.0,5.0,728.366666666666,0.7136060894386299,12.0,94.0
650,776.6220071027653,16.0,4.0,732.1333333333329,0.8051330798479087,12.0,80.0
651,731.7340271323862,15.0,4.0,721.2499999999995,0.7614503816793893,11.0,86.0
652,732.512153424919,15.0,4.0,726.2499999999994,0.7604562737642585,11.0,86.0
653,703.645170052027,14.0,5.0,723.3999999999993,0.7407407407407407,12.0,96.0
654,890.7678706034767,19.0,1.0,726.3333333333334,0.9529411764705882,18.0,38.0
655,733.4104111114868,14.0,4.0,723.3833333333326,0.7761627906976745,12.0,95.0
656,907.5640279517609,19.0,1.0,752.3333333333335,0.9484732824427481,18.0,38.0
657,697.2492469120025,14.0,5.0,723.3833333333328,0.7345739471106758,11.0,94.0
658,694.081543389573,14.0,5.0,721.3666666666661,0.7163323782234957,11.0,93.0
659,721.7922349880129,15.0,4.0,723.2166666666661,0.7516401124648547,11.0,84.0
660,724.1239740823833,14.0,5.0,723.366666666666,0.7518656716417911,11.0,93.0
661,772.3723914654022,15.0,3.0,747.2499999999994,0.7924354243542435,12.0,87.0
662,691.3906074165517,14.0,5.0,732.3333333333327,0.7190795781399808,12.0,92.0
663,828.2630671361037,16.0,2.0,723.1666666666661,0.8658420551855376,12.0,82.0
664,893.6864592353716,19.0,1.0,723.3333333333334,0.9487922705314009,18.0,38.0
665,737.9549653991362,14.0,4.0,739.3499999999992,0.7744433688286544,12.0,93.0
666,890.269290494961,19.0,1.0,754.3333333333334,0.9447674418604651,19.0,39.0
667,884.0416027975383,19.0,1.0,732.3333333333335,0.9466929911154985,18.0,38.0
668,692.9661154088597,14.0,5.0,722.2999999999995,0.7156488549618321,11.0,89.0
669,771.4221948806526,16.0,3.0,728.1166666666662,0.8065420560747664,12.0,79.0
670,897.4638132762798,19.0,1.0,725.3333333333334,0.9466019417475728,18.0,38.0
671,760.4786845286361,16.0,4.0,726.3499999999995,0.8003875968992248,13.0,94.0
672,754.5016679597925,16.0,4.0,722.0666666666663,0.7990338164251207,11.0,75.0
673,755.1708469145909,16.0,4.0,728.1333333333329,0.7897196261682243,12.0,80.0
674,903.4105294484852,19.0,1.0,723.3333333333334,0.9521531100478469,18.0,38.0
675,781.3685447746209,16.0,3.0,727.1333333333329,0.8261700095510984,12.0,80.0
676,676.7400416399764,14.0,5.0,729.2999999999995,0.7062146892655368,10.0,88.0
677,744.5818191236467,15.0,4.0,729.2333333333328,0.7689357622243528,12.0,86.0
678,724.583370322361,15.0,4.0,722.2166666666661,0.7587844254510921,11.0,84.0
679,730.229456413163,15.0,4.0,739.2666666666661,0.768642447418738,12.0,88.0
680,717.5641181647835,15.0,5.0,720.2833333333328,0.7523992322456814,12.0,89.0
681,893.4111174490545,19.0,1.0,742.3333333333335,0.9446564885496184,18.0,38.0
682,735.0713336769188,15.0,4.0,732.2666666666661,0.7667946257197696,12.0,88.0
683,697.9707143773453,14.0,5.0,721.2999999999994,0.7295719844357976,11.0,89.0
684,896.532501662215,19.0,1.0,746.3333333333335,0.9483253588516747,18.0,38.0
685,901.8567427562687,19.0,1.0,729.3333333333335,0.9474689589302769,18.0,38.0
686,708.5359865753107,15.0,5.0,722.1999999999996,0.7428571428571429,11.0,83.0
687,714.6162718011183,15.0,5.0,722.2499999999995,0.7469310670443815,11.0,86.0
688,731.257665808213,15.0,4.0,725.2666666666661,0.7677543186180422,12.0,88.0
689,703.457846783133,14.0,5.0,727.366666666666,0.7258064516129032,12.0,94.0
690,679.0752101475293,13.0,5.0,742.5499999999993,0.7122507122507122,12.0,105.0
691,718.0546939687906,14.0,5.0,749.3499999999992,0.736346516007533,12.0,93.0
692,758.0237745531574,15.0,4.0,722.2166666666662,0.7946513849092646,11.0,84.0
693,889.8963982728969,19.0,1.0,739.3333333333335,0.945631067961165,18.0,38.0
694,722.2633039938942,15.0,5.0,747.2666666666661,0.7523900573613767,12.0,88.0
695,718.9164379070938,14.0,5.0,729.316666666666,0.7428842504743833,12.0,91.0
696,745.5446940560964,15.0,4.0,738.2666666666661,0.7817652764306499,12.0,88.0
697,905.932968907316,19.0,1.0,740.3333333333335,0.9548022598870056,18.0,38.0
698,899.3125810774327,19.0,1.0,745.3333333333335,0.9522445081184336,18.0,38.0
699,768.9293919926889,16.0,4.0,725.1166666666663,0.7968015051740357,11.0,78.0
700,730.8103086788772,15.0,4.0,720.2333333333328,0.7707930367504836,11.0,85.0
701,742.0438306667793,15.0,4.0,723.2499999999995,0.7763794772507261,11.0,86.0
702,893.643517467413,19.0,1.0,737.3333333333335,0.9538763493621197,18.0,38.0
703,777.3577641830736,16.0,4.0,744.0499999999996,0.8055290753098189,11.0,74.0
704,673.63601796494,14.0,5.0,720.3999999999994,0.6996268656716418,12.0,96.0
705,901.075157874121,19.0,1.0,749.3333333333334,0.9510763209393346,19.0,39.0
706,712.4314469477328,15.0,5.0,721.2499999999995,0.7480544747081712,11.0,86.0
707,899.4570477843231,19.0,1.0,745.3333333333335,0.9487427466150871,18.0,38.0
708,741.0212085410496,15.0,4.0,748.2166666666661,0.7712665406427222,12.0,85.0
709,903.1918872684379,19.0,1.0,743.3333333333335,0.949343339587242,18.0,38.0
710,776.8626892802314,16.0,4.0,722.0999999999997,0.80893536121673,11.0,77.0
711,905.7009586784668,19.0,1.0,729.3333333333334,0.948210922787194,18.0,38.0
712,700.6792835190157,14.0,5.0,720.3166666666662,0.7246376811594203,11.0,90.0
713,760.9705901002849,16.0,4.0,720.1166666666663,0.8009756097560976,11.0,78.0
714,702.6217957869561,14.0,5.0,721.3833333333328,0.730732635585157,11.0,94.0
715,923.6064492763395,19.0,1.0,749.3333333333335,0.9515828677839852,18.0,38.0
716,729.7528317301314,15.0,4.0,724.2499999999994,0.7692307692307693,11.0,86.0
717,898.7986779028656,19.0,1.0,752.3333333333335,0.9490084985835694,18.0,38.0
718,753.2062899485566,16.0,4.0,730.133333333333,0.7967401725790988,12.0,80.0
719,900.1350383488866,19.0,1.0,731.3333333333335,0.9443911792905082,18.0,38.0
720,902.2213922218712,19.0,1.0,743.3333333333335,0.9534220532319392,18.0,38.0
721,893.992871861283,19.0,1.0,741.3333333333334,0.9451395572666025,18.0,38.0
722,688.9542858955753,14.0,5.0,724.3833333333326,0.7177033492822966,11.0,94.0
723,709.6375395620913,15.0,5.0,732.2666666666662,0.7495126705653021,12.0,88.0
724,725.6263137717494,15.0,5.0,726.2499999999994,0.7561904761904762,11.0,86.0
725,793.0220090230351,17.0,3.0,721.0499999999995,0.8401162790697675,13.0,76.0
726,899.7814985276173,19.0,1.0,722.3333333333334,0.9542743538767395,18.0,38.0
727,684.5855431632183,14.0,5.0,721.3333333333327,0.7177033492822966,11.0,91.0
728,730.7566136231551,15.0,5.0,725.2666666666661,0.7559808612440191,12.0,88.0
729,733.1646826581728,15.0,4.0,720.2333333333329,0.7708533077660594,11.0,85.0
730,893.1147171231971,19.0,1.0,738.3333333333334,0.9452975047984645,18.0,38.0
731,760.3182721591047,16.0,4.0,723.0999999999996,0.798670465337132,11.0,77.0
732,756.6684066118704,16.0,4.0,721.1833333333328,0.7945998071359691,12.0,83.0
733,785.1835020069168,15.0,3.0,733.2499999999994,0.8181818181818182,12.0,87.0
734,897.5563016817229,19.0,1.0,738.3333333333334,0.9502868068833652,18.0,38.0
735,769.5102926690248,16.0,4.0,724.1166666666662,0.8011204481792717,11.0,78.0
736,739.7827199679826,16.0,4.0,748.0999999999996,0.7884057971014493,12.0,78.0
737,720.3465294250535,15.0,4.0,722.2333333333328,0.7528089887640449,11.0,85.0
738,734.3871529438759,14.0,4.0,725.3333333333326,0.7638095238095238,12.0,92.0
739,759.4279614322154,16.0,4.0,736.0499999999996,0.7969494756911344,11.0,74.0
740,883.0440478688616,19.0,1.0,733.3333333333335,0.9524752475247524,18.0,38.0
741,897.6039268350596,19.0,1.0,726.3333333333334,0.9448209099709584,18.0,38.0
742,793.4949471950467,16.0,3.0,741.1333333333329,0.8352601156069365,12.0,80.0
743,744.3944992688184,15.0,4.0,723.1833333333328,0.7791828793774319,11.0,82.0
744,733.6206765336965,15.0,4.0,720.2499999999994,0.7604562737642585,12.0,87.0
745,910.1673491519698,19.0,1.0,745.3333333333335,0.9540768509840675,18.0,38.0
746,782.6062988860906,15.0,3.0,742.2666666666661,0.813510941960038,12.0,88.0
747,907.386472790567,19.0,1.0,748.3333333333335,0.9545454545454546,18.0,38.0
748,690.4839923244483,14.0,5.0,721.2999999999994,0.7163323782234957,11.0,89.0
749,911.1457915161733,19.0,1.0,739.3333333333335,0.9498106060606061,18.0,38.0
750,690.1388939345311,14.0,5.0,723.3833333333326,0.7122507122507122,12.0,95.0
751,895.4353725939845,19.0,1.0,745.3333333333335,0.9513145082765336,18.0,38.0
752,889.4825420303532,19.0,1.0,725.3333333333335,0.944980694980695,18.0,38.0
753,733.6186574660098,15.0,5.0,720.1999999999995,0.7570888468809074,11.0,83.0
754,686.6934155236451,13.0,5.0,722.416666666666,0.7088846880907372,11.0,96.0
755,766.5598843641594,16.0,4.0,721.1333333333329,0.8079150579150579,11.0,79.0
756,728.9369086400927,15.0,5.0,720.2499999999994,0.7580645161290323,11.0,86.0
757,734.4624114332453,14.0,4.0,744.3499999999993,0.7578051087984863,12.0,93.0
758,791.1956410827918,16.0,3.0,721.1166666666662,0.8241444866920152,12.0,79.0
759,741.5847061052727,15.0,4.0,724.1999999999995,0.7780952380952381,12.0,84.0
760,710.2139614181285,15.0,5.0,746.2666666666661,0.7507274490785645,12.0,88.0
761,711.8845432972678,15.0,5.0,746.2666666666661,0.749031007751938,12.0,88.0
762,724.0818687377135,15.0,5.0,722.1833333333328,0.7518939393939394,11.0,82.0
763,718.4762079023241,15.0,5.0,721.1999999999995,0.7495309568480301,11.0,83.0
764,896.0011696469154,19.0,1.0,737.3333333333334,0.9480269489894129,18.0,38.0
765,734.7959236554798,15.0,4.0,720.1999999999995,0.7703349282296651,11.0,83.0
766,719.4126174935594,15.0,5.0,733.2333333333328,0.7507218479307026,12.0,86.0
767,744.4599383330929,15.0,5.0,726.2499999999994,0.7639282341831917,11.0,86.0
768,730.1013282268074,15.0,4.0,746.2666666666661,0.7659372026641293,12.0,88.0
769,739.888000102658,14.0,4.0,722.316666666666,0.7785299806576402,11.0,90.0
770,733.744016715475,15.0,4.0,720.2166666666661,0.7708533077660594,11.0,84.0
771,753.0055389768254,15.0,4.0,739.2333333333328,0.7892204042348412,12.0,86.0
772,755.7245154584145,16.0,4.0,722.2333333333328,0.7933962264150943,13.0,87.0
773,679.5923285680899,14.0,5.0,720.3999999999993,0.7062146892655368,12.0,96.0
774,687.1454617503747,14.0,5.0,743.3833333333326,0.7232401157184185,12.0,95.0
775,765.7685684407306,15.0,3.0,745.2666666666661,0.8170498084291188,12.0,88.0
776,724.2896578960952,14.0,4.0,723.3499999999993,0.7533081285444234,11.0,92.0
777,744.9727471115049,15.0,4.0,747.2666666666661,0.7764034253092293,12.0,88.0
778,735.1165203462615,15.0,5.0,723.2333333333329,0.7591377694470478,11.0,85.0
779,909.2954393041575,19.0,1.0,730.3333333333335,0.9545884578997161,18.0,38.0
780,733.7802540959394,15.0,4.0,739.2666666666662,0.7630331753554502,12.0,88.0
781,911.7446558066451,19.0,1.0,736.3333333333335,0.9508041627246925,18.0,38.0
782,704.7601317056894,14.0,5.0,725.4666666666659,0.7264957264957265,12.0,100.0
783,732.4285133300441,15.0,4.0,721.2499999999994,0.7611798287345385,11.0,86.0
784,733.3204217028973,15.0,4.0,726.2499999999994,0.7728585178055823,11.0,86.0
785,781.133621803072,15.0,3.0,735.2499999999994,0.8210831721470019,12.0,87.0
786,694.5782388440568,14.0,5.0,724.3166666666662,0.7149666348903718,11.0,90.0
787,710.006317011898,15.0,5.0,721.2499999999994,0.7483124397299904,11.0,86.0
788,736.0457882627447,14.0,4.0,725.3999999999993,0.7820136852394917,12.0,96.0
789,718.835553759465,15.0,5.0,745.2666666666662,0.7437858508604207,12.0,88.0
790,708.8535016692663,15.0,5.0,724.1833333333328,0.7461389961389961,11.0,82.0
791,759.8460722740123,16.0,4.0,744.1333333333329,0.7954329210275928,12.0,80.0
792,699.1462432860153,14.0,5.0,720.3499999999993,0.7246376811594203,12.0,93.0
793,767.2446879374586,16.0,4.0,722.0999999999996,0.7994214079074252,12.0,78.0
794,791.6953369658127,16.0,3.0,726.0999999999995,0.8354430379746836,12.0,78.0
795,738.6152488325667,15.0,4.0,740.2666666666662,0.7759771210676835,12.0,88.0
796,736.2463879909869,15.0,4.0,740.2666666666661,0.7821011673151751,12.0,88.0
797,716.8997979705287,15.0,5.0,738.466666666666,0.7476459510357816,14.0,102.0
798,745.2492826501,15.0,4.0,722.3166666666662,0.7714285714285715,12.0,91.0
799,687.2527982778329,13.0,5.0,730.4166666666661,0.7149666348903718,11.0,96.0
800,728.3722087150331,15.0,4.0,722.1999999999995,0.7637571157495257,11.0,83.0
801,741.7629642920995,14.0,4.0,724.3999999999993,0.7656546489563567,12.0,96.0
802,693.7499474204558,14.0,5.0,746.3499999999993,0.7190795781399808,12.0,93.0
803,704.2810633078709,15.0,5.0,727.2666666666661,0.7455968688845401,12.0,88.0
804,747.5771443574379,16.0,4.0,725.1333333333328,0.7943469785575049,13.0,81.0
805,719.3102059978675,15.0,5.0,737.2666666666661,0.7504743833017078,12.0,88.0
806,723.3420207860661,15.0,5.0,722.2333333333328,0.7590822179732314,11.0,85.0
807,904.0505413736107,19.0,1.0,742.3333333333335,0.9492822966507177,18.0,38.0
808,740.9216602899105,14.0,4.0,720.2833333333327,0.7718120805369127,11.0,88.0
809,788.0982708383328,15.0,3.0,720.2333333333329,0.8125594671741199,11.0,85.0
810,742.888017051937,14.0,4.0,722.3999999999993,0.7653256704980843,11.0,95.0
811,730.6384356587325,14.0,4.0,730.366666666666,0.7506976744186047,12.0,94.0
812,888.1640352554215,19.0,1.0,725.3333333333335,0.9468085106382979,18.0,38.0
813,726.0602489688258,15.0,5.0,734.2333333333328,0.7523540489642184,12.0,86.0
814,820.5991671321376,17.0,3.0,739.033333333333,0.8520263901979265,13.0,75.0
815,733.3025237477868,15.0,4.0,725.2666666666661,0.764034253092293,12.0,88.0
816,715.9030610893017,15.0,5.0,736.2333333333328,0.7480916030534351,12.0,86.0
817,722.6415869740523,15.0,4.0,723.1833333333328,0.7556603773584906,11.0,82.0
818,919.196298967385,19.0,1.0,743.3333333333334,0.95260663507109,18.0,38.0
819,915.4466578947522,19.0,1.0,743.3333333333334,0.946277097078228,18.0,38.0
820,737.1990439490621,15.0,4.0,736.2666666666661,0.7681992337164751,12.0,88.0
821,899.3612835547585,19.0,1.0,737.3333333333335,0.9487666034155597,18.0,38.0
822,888.7655461711404,19.0,1.0,743.3333333333335,0.9444444444444444,18.0,38.0
823,742.5623561263533,15.0,5.0,721.2333333333329,0.7633302151543498,11.0,85.0
824,706.739792840377,15.0,5.0,741.2999999999993,0.7440076701821668,13.0,91.0
825,895.9010560902336,19.0,1.0,728.3333333333335,0.9508670520231214,18.0,38.0
826,717.7041923806961,15.0,5.0,741.2833333333328,0.74,12.0,89.0
827,773.195557391462,16.0,4.0,722.0833333333328,0.8001912045889101,12.0,77.0
828,717.398781452185,15.0,5.0,726.216666666666,0.7438330170777988,12.0,85.0
829,730.0565675188909,15.0,4.0,724.3666666666661,0.7623574144486692,13.0,95.0
830,733.6027996458498,14.0,4.0,728.316666666666,0.7625830959164293,11.0,90.0
831,886.1680005181906,19.0,1.0,740.3333333333335,0.9494163424124513,18.0,38.0
832,738.5390646970993,15.0,4.0,739.2666666666661,0.7793974732750243,12.0,88.0
833,745.438809976435,15.0,4.0,740.2666666666661,0.7868369351669942,12.0,88.0
834,707.653085854658,15.0,5.0,723.2166666666661,0.7433206106870229,11.0,84.0
835,690.7859919399863,14.0,5.0,733.3833333333326,0.7088846880907372,12.0,95.0
836,684.0219232703363,14.0,5.0,744.3999999999993,0.7170172084130019,12.0,96.0
837,749.7618352973916,15.0,4.0,740.2499999999994,0.7881438289601554,12.0,87.0
838,704.4654758526985,14.0,5.0,721.3166666666662,0.7309160305343512,11.0,90.0
839,714.7407734416087,15.0,5.0,733.2666666666661,0.7502467917077986,12.0,88.0
840,682.5820751959395,14.0,5.0,748.3999999999993,0.7142857142857143,12.0,96.0
841,759.1829694580488,15.0,4.0,723.2499999999995,0.789423984891407,11.0,86.0
842,898.1439512015248,19.0,1.0,744.3333333333335,0.9494274809160306,18.0,38.0
843,748.641089674323,15.0,4.0,722.2666666666662,0.7787356321839081,11.0,87.0
844,749.7644900825038,16.0,4.0,747.1166666666662,0.7940613026819924,12.0,79.0
845,732.3663035108611,15.0,4.0,723.1999999999995,0.7785299806576402,11.0,83.0
846,734.6056225461183,15.0,5.0,748.2666666666661,0.7546071774975752,12.0,88.0
847,741.7862827765362,15.0,4.0,720.2333333333328,0.7743490838958534,11.0,85.0
848,721.0159009964464,15.0,5.0,731.2333333333328,0.7485714285714286,12.0,86.0
849,765.4968430367646,16.0,4.0,735.1166666666662,0.7988826815642458,12.0,79.0
850,899.3045757435218,19.0,1.0,723.3333333333335,0.9522900763358778,18.0,38.0
851,900.1071260674441,19.0,1.0,725.3333333333335,0.9502923976608187,17.0,37.0
852,763.96858213203,15.0,3.0,738.2666666666662,0.7994350282485876,12.0,88.0
853,770.376170394539,16.0,4.0,731.0833333333329,0.8054211035818006,12.0,77.0
854,735.107149518996,14.0,4.0,727.3166666666662,0.7721153846153846,11.0,90.0
855,762.4590890196666,16.0,4.0,744.1333333333329,0.7950428979980935,12.0,80.0
856,729.6022649156874,15.0,5.0,743.2666666666661,0.7604562737642585,12.0,88.0
857,737.6238222036562,15.0,4.0,742.2499999999994,0.7645376549094376,12.0,87.0
858,892.3157574783484,19.0,1.0,734.3333333333335,0.9463087248322147,18.0,38.0
859,740.7456650140484,15.0,4.0,726.2166666666661,0.7786259541984732,12.0,85.0
860,739.4318452530235,15.0,4.0,747.2166666666661,0.7736030828516378,12.0,85.0
861,762.1332274150077,16.0,4.0,739.0999999999996,0.799618320610687,12.0,78.0
862,910.8890411701942,19.0,1.0,729.3333333333335,0.9525166191832859,18.0,38.0
863,724.9845886302833,15.0,5.0,734.2499999999994,0.7511737089201878,12.0,87.0
864,768.0641006902313,15.0,4.0,725.1833333333328,0.7944186046511628,11.0,82.0
865,707.186055749929,15.0,5.0,722.2166666666661,0.7438330170777988,11.0,84.0
866,716.3875493037239,15.0,5.0,743.2666666666661,0.7514734774066798,12.0,88.0
867,750.8195026764334,15.0,4.0,739.2166666666661,0.7759103641456583,12.0,85.0
868,737.8114090088764,15.0,4.0,721.2499999999995,0.7718120805369127,11.0,86.0
869,723.9478299128878,15.0,4.0,720.2833333333328,0.7597340930674265,12.0,89.0
870,741.4572357543402,15.0,4.0,723.2666666666661,0.76981852913085,12.0,88.0
871,780.3286118038756,15.0,3.0,724.1999999999995,0.8026315789473685,11.0,83.0
872,727.2312870024211,14.0,4.0,725.3833333333326,0.7523452157598499,11.0,94.0
873,890.9697283833739,19.0,1.0,737.3333333333335,0.9485224022878932,18.0,38.0
874,738.9946087963392,14.0,4.0,732.3833333333326,0.7807017543859649,12.0,95.0
875,899.7041965158178,19.0,1.0,725.3333333333335,0.95,18.0,38.0
876,744.2713410416263,15.0,4.0,721.2499999999994,0.7807953443258971,11.0,86.0
877,768.5257469925367,16.0,4.0,744.133333333333,0.7988560533841754,12.0,80.0
878,750.2181584661777,15.0,4.0,724.2999999999994,0.7861328125,12.0,90.0
879,723.9271667207679,15.0,5.0,732.2166666666661,0.7547528517110266,12.0,85.0
880,736.3036393475297,15.0,4.0,720.2666666666662,0.7741312741312741,11.0,87.0
881,736.2029507108168,15.0,4.0,725.2499999999994,0.7710727969348659,11.0,86.0
882,733.5129916873223,14.0,4.0,740.3833333333326,0.7580645161290323,12.0,95.0
883,752.5785355345636,15.0,4.0,736.2666666666662,0.7761904761904762,12.0,88.0
884,903.6273376255679,19.0,1.0,731.3333333333334,0.9508196721311475,18.0,38.0
885,732.6145823070386,15.0,4.0,721.2166666666661,0.7660594439117929,11.0,84.0
886,806.2871164431458,17.0,3.0,721.9833333333329,0.8493282149712092,12.0,71.0
887,766.9248887837585,15.0,4.0,723.1999999999995,0.7867036011080333,11.0,83.0
888,732.8185810507418,15.0,4.0,741.2666666666662,0.7598870056497176,12.0,88.0
889,691.2230097417657,14.0,5.0,729.2999999999995,0.7211538461538461,11.0,89.0
890,902.8451041995296,19.0,1.0,727.3333333333335,0.9518413597733711,18.0,38.0
891,694.1523166994037,14.0,5.0,723.3666666666661,0.7156488549618321,11.0,93.0
892,694.0182169285647,14.0,5.0,744.3999999999993,0.7225433526011561,12.0,96.0
893,730.9301380568791,15.0,4.0,724.2666666666661,0.7570621468926554,12.0,88.0
894,744.2504157043647,14.0,4.0,721.3833333333328,0.7679769894534996,11.0,94.0
895,888.5052451703972,19.0,1.0,752.3333333333335,0.9516441005802708,19.0,39.0
896,897.7517121940341,19.0,1.0,734.3333333333335,0.9447092469018112,18.0,38.0
897,907.3266367757151,19.0,1.0,732.3333333333335,0.949814126394052,18.0,38.0
898,897.3213390729331,19.0,1.0,738.3333333333334,0.9502439024390243,18.0,38.0
899,736.0917056527635,14.0,5.0,724.5999999999992,0.7609108159392789,13.0,109.0
900,874.9188917934159,19.0,1.0,746.3333333333335,0.9452590420332356,18.0,38.0
901,785.6080951294666,16.0,3.0,722.1499999999994,0.8172248803827751,12.0,81.0
902,751.139592166875,16.0,4.0,735.1333333333329,0.7950980392156862,12.0,80.0
903,731.7304670549162,15.0,4.0,738.2666666666662,0.7592417061611374,12.0,88.0
904,707.8942601294441,15.0,5.0,720.3833333333325,0.7452471482889734,13.0,96.0
905,735.9108537596196,14.0,4.0,722.3333333333328,0.7681992337164751,11.0,91.0
906,739.7645805204827,15.0,4.0,720.2166666666661,0.7802734375,11.0,84.0
907,730.7937006024495,15.0,4.0,720.2333333333328,0.7666666666666667,11.0,85.0
908,906.0550768040963,19.0,1.0,740.3333333333335,0.9530651340996169,18.0,38.0
909,772.9365790767949,16.0,3.0,723.0666666666663,0.8117313150425733,11.0,75.0
910,742.1995642206986,15.0,4.0,722.2666666666662,0.7743490838958534,11.0,87.0
911,910.5075401801482,19.0,1.0,727.3333333333335,0.952561669829222,18.0,38.0
912,745.4468536850684,14.0,4.0,720.2666666666661,0.7697495183044316,11.0,87.0
913,757.9725958034829,15.0,4.0,723.2499999999993,0.7844990548204159,12.0,87.0
914,749.7444986629246,15.0,4.0,723.2333333333329,0.782991202346041,11.0,85.0
915,902.4886125887085,19.0,1.0,723.3333333333335,0.9459203036053131,18.0,38.0
916,913.5190958255766,19.0,1.0,739.3333333333335,0.9493307839388145,18.0,38.0
917,775.5687727125751,15.0,3.0,720.1666666666662,0.8075471698113208,11.0,81.0
918,708.6256683821721,15.0,5.0,729.2666666666662,0.7417475728155339,12.0,88.0
919,741.1057191730106,15.0,4.0,729.2666666666662,0.7798076923076923,12.0,88.0
920,896.7754200806801,19.0,1.0,729.3333333333335,0.9502392344497608,18.0,38.0
921,741.4154174114361,14.0,4.0,723.3333333333327,0.7777777777777778,11.0,91.0
922,897.5449098568618,19.0,1.0,731.3333333333335,0.9492822966507177,18.0,38.0
923,708.8241297595841,15.0,5.0,720.2499999999995,0.7418738049713193,11.0,86.0
924,704.0910438404632,15.0,5.0,728.2833333333328,0.7397910731244065,12.0,89.0
925,767.0797063812761,16.0,4.0,746.133333333333,0.8036053130929791,12.0,80.0
926,755.1421677324627,15.0,4.0,723.2499999999994,0.7866541353383458,11.0,86.0
927,693.650636251135,14.0,5.0,727.3166666666659,0.7256977863330125,12.0,91.0
928,765.3131353108377,16.0,4.0,736.1333333333329,0.791588785046729,12.0,80.0
929,899.2921447103165,19.0,1.0,744.3333333333335,0.9483253588516747,18.0,38.0
930,766.1782529651332,16.0,4.0,746.1333333333329,0.8003802281368821,12.0,80.0
931,727.8102199775651,14.0,4.0,721.3333333333328,0.7604961832061069,11.0,91.0
932,760.3489643256202,16.0,4.0,722.0833333333329,0.7980861244019138,11.0,76.0
933,756.117196472783,16.0,4.0,736.0833333333329,0.797270955165692,11.0,76.0
934,772.6025820936386,16.0,4.0,727.1499999999995,0.8017159199237369,12.0,81.0
935,686.8302219648087,13.0,6.0,725.4166666666661,0.7035647279549718,11.0,96.0
936,736.1483579478182,15.0,4.0,730.2666666666661,0.775096525096525,12.0,88.0
937,742.4990236421652,15.0,4.0,733.2833333333327,0.7767265846736046,12.0,89.0
938,812.0654324083787,16.0,3.0,726.1166666666662,0.839622641509434,11.0,78.0
939,904.4416724192987,19.0,1.0,728.3333333333334,0.9493908153701968,18.0,38.0
940,726.5186685913028,15.0,5.0,720.2333333333328,0.7533081285444234,11.0,85.0
941,732.7708516245337,15.0,4.0,746.2499999999994,0.759469696969697,12.0,87.0
942,910.11632165695,19.0,1.0,731.3333333333335,0.9503342884431709,18.0,38.0
943,733.4202674678636,15.0,4.0,723.2499999999995,0.7589792060491494,11.0,86.0
944,730.9525637099232,15.0,4.0,735.2499999999994,0.7687861271676301,12.0,87.0
945,736.2292902953177,15.0,4.0,722.2666666666661,0.7634099616858238,11.0,87.0
946,734.3302282641839,15.0,4.0,722.1833333333328,0.753527751646284,11.0,82.0
947,783.671568419242,15.0,3.0,723.1999999999995,0.8142857142857143,11.0,83.0
948,742.4892533249563,15.0,4.0,741.216666666666,0.7770204479065238,12.0,85.0
949,769.3885524065821,16.0,4.0,743.1333333333329,0.808837656099904,12.0,80.0
950,897.770217164842,19.0,1.0,742.3333333333335,0.9485224022878932,18.0,38.0
951,903.7445278008399,19.0,1.0,733.3333333333335,0.95260663507109,18.0,38.0
952,694.5370645468331,14.0,5.0,723.2999999999995,0.7253384912959381,11.0,89.0
953,739.2505784782284,15.0,4.0,722.1999999999995,0.7760617760617761,11.0,83.0
954,764.751919070924,15.0,4.0,748.2666666666662,0.792507204610951,12.0,88.0
955,728.9564829180288,15.0,4.0,720.2166666666661,0.7638623326959847,11.0,84.0
956,693.7343867562483,14.0,5.0,720.316666666666,0.7149666348903718,11.0,90.0
957,907.4904878090163,19.0,1.0,725.3333333333335,0.9466292134831461,17.0,37.0
958,723.9956593505776,15.0,5.0,729.2999999999993,0.7552581261950286,13.0,91.0
959,763.6267727898687,16.0,4.0,724.1166666666662,0.8011527377521613,11.0,78.0
960,738.7032281944998,15.0,4.0,742.2499999999994,0.7701149425287356,12.0,87.0
961,705.8308439802358,15.0,5.0,746.2666666666661,0.7426955702167767,12.0,88.0
962,680.1337400528199,14.0,6.0,722.3499999999993,0.7025738798856054,12.0,93.0
963,690.8952688507369,13.0,5.0,726.4166666666661,0.7177033492822966,11.0,96.0
964,702.5388250563265,14.0,5.0,720.3999999999994,0.7227906976744186,11.0,95.0
965,736.9356882350746,15.0,4.0,744.2666666666661,0.7791828793774319,12.0,88.0
966,921.8711195243723,19.0,1.0,732.3333333333334,0.955868544600939,18.0,38.0
967,685.6025639953926,14.0,5.0,726.3999999999993,0.7149666348903718,12.0,96.0
968,740.1345848113494,15.0,4.0,722.2166666666661,0.77447216890595,11.0,84.0
969,779.5467118887382,15.0,3.0,720.2166666666661,0.8061509785647717,12.0,85.0
970,895.3065474844507,19.0,1.0,728.3333333333334,0.9494163424124513,18.0,38.0
971,681.2455772809072,14.0,5.0,720.2999999999994,0.7035647279549718,11.0,89.0
972,793.3880311097698,16.0,3.0,721.1666666666663,0.8295454545454546,12.0,82.0
973,716.3978481105037,15.0,5.0,720.2333333333328,0.7560503388189739,11.0,85.0
974,895.5177147505394,19.0,1.0,745.3333333333335,0.9468283582089553,18.0,38.0
975,739.7041040796285,15.0,4.0,721.2333333333328,0.7796116504854369,11.0,85.0
976,909.211304939894,19.0,1.0,727.3333333333334,0.9510556621880998,18.0,38.0
977,684.0802679963679,14.0,5.0,724.516666666666,0.7075471698113207,13.0,104.0
978,888.8352211226147,18.0,1.0,727.883333333333,0.9329501915708812,15.0,68.0
979,906.6274194918583,19.0,1.0,724.3333333333334,0.9449715370018975,18.0,38.0
980,783.4491852483294,15.0,3.0,727.2333333333328,0.8096590909090909,12.0,86.0
981,895.3112764568157,19.0,1.0,755.3333333333335,0.9478260869565217,19.0,39.0
982,889.6477220302526,19.0,1.0,744.3333333333335,0.9499036608863198,19.0,39.0
983,689.1919624498206,13.0,5.0,738.516666666666,0.7115749525616698,12.0,103.0
984,739.9238042911885,14.0,5.0,746.3999999999994,0.7587181903864278,12.0,96.0
985,899.6967682229938,19.0,1.0,738.3333333333335,0.9528392685274302,18.0,38.0
986,722.1577278710649,15.0,5.0,724.416666666666,0.7557692307692307,14.0,99.0
987,743.2077408543776,15.0,4.0,732.2333333333328,0.7766258246936852,12.0,86.0
988,742.1914695196353,15.0,4.0,724.2666666666661,0.766953199617956,12.0,88.0
989,909.4222674296407,19.0,1.0,755.3333333333335,0.9542421353670162,18.0,38.0
990,719.4844889915998,15.0,5.0,720.2333333333328,0.7430167597765364,11.0,85.0
991,787.5577041935467,15.0,3.0,741.2499999999994,0.8273520853540253,12.0,87.0
992,698.2134251342397,14.0,5.0,724.3499999999995,0.7346938775510204,11.0,92.0
993,898.5472845165316,19.0,1.0,736.3333333333335,0.9457659372026641,18.0,38.0
994,762.6665237977297,16.0,4.0,745.0499999999996,0.803639846743295,11.0,74.0
995,778.3273984500127,15.0,3.0,727.2166666666661,0.8226744186046512,12.0,85.0
996,901.3391346936827,19.0,1.0,746.3333333333334,0.9463276836158192,18.0,38.0
997,912.9044353842753,19.0,1.0,751.3333333333334,0.9481621112158342,19.0,39.0
998,715.7436489993461,15.0,5.0,742.2666666666662,0.746615087040619,12.0,88.0
999,687.7492342782805,14.0,5.0,722.366666666666,0.7156488549618321,11.0,93.0
